bluetoh;dual_sim;meg_cf;4g;int_memory;mobile_wt;nucleos;camagrontamg;ram;alturamovil;anchomovil;tactil;wifi;price_range
0;0;1;0;7;188;2;2;2549;9;7;0;1;1
1;1;0;1;53;136;3;6;2631;17;3;1;0;2
1;1;2;1;41;145;5;6;2603;11;2;1;0;2
1;0;0;0;10;131;6;9;2769;16;8;0;0;2
1;0;13;1;44;141;2;14;1411;8;2;1;0;1
0;1;3;0;22;164;1;7;1067;17;1;0;0;1
0;0;4;1;10;139;8;10;3220;13;8;0;1;3
0;1;0;0;24;187;4;0;700;16;3;1;1;0
1;0;0;0;53;174;7;14;1099;17;1;0;0;0
1;1;2;1;9;93;5;15;513;19;10;0;0;0
1;1;0;0;9;182;5;1;3946;5;2;0;0;3
1;0;5;1;33;177;8;18;3826;14;9;1;1;3
0;0;2;0;33;159;4;17;1482;18;0;0;0;1
1;0;7;0;17;198;4;11;2680;7;1;0;1;2
0;0;13;1;52;185;1;17;373;14;9;0;1;0
0;0;3;0;46;159;2;16;568;17;15;1;1;0
0;0;1;1;13;196;8;4;3554;10;9;0;1;3
0;1;7;1;23;121;3;17;3752;10;2;1;0;3
1;1;11;0;49;101;5;18;1835;19;13;1;0;1
1;0;4;0;19;121;4;11;2337;11;1;1;1;1
0;1;12;0;39;81;7;14;2819;17;15;1;0;3
1;0;1;0;13;156;2;2;3283;17;1;0;0;3
0;1;4;0;47;199;4;7;1433;11;5;0;1;1
1;1;4;1;38;114;3;20;1037;8;7;0;0;0
0;1;5;1;8;111;3;13;2583;11;0;0;0;1
1;1;0;1;57;114;8;3;2782;18;9;1;1;2
1;1;7;1;51;132;4;19;3763;16;1;0;1;3
0;0;1;1;41;143;7;6;3286;17;8;1;0;3
0;1;12;1;52;96;2;18;2373;10;1;1;1;2
0;0;3;0;21;200;5;7;478;12;7;0;1;0
1;1;0;0;5;88;7;9;3532;17;11;0;1;3
1;0;16;0;33;150;8;20;508;5;1;1;1;0
1;0;3;1;41;107;1;18;2227;18;5;1;1;1
1;1;0;1;51;100;4;0;3845;7;0;1;0;3
1;0;0;0;22;157;8;3;1262;12;1;0;0;0
0;1;16;0;60;160;8;17;1326;10;4;0;0;1
1;1;1;0;61;160;4;10;2113;13;7;0;1;1
1;1;6;1;6;119;2;18;3429;6;5;1;0;3
0;1;16;1;11;87;6;17;3169;6;1;0;1;2
0;1;15;0;50;159;2;20;2150;18;12;1;0;2
0;0;5;0;44;132;1;14;2484;18;2;0;1;2
1;0;8;1;41;185;2;10;3339;18;10;1;0;3
1;1;5;1;5;152;2;19;1878;15;0;1;0;1
0;0;5;1;34;166;3;7;1629;15;12;1;0;1
1;0;1;1;20;110;2;14;504;9;3;1;0;0
0;0;0;0;27;118;3;1;1152;8;3;1;1;1
1;1;1;0;42;164;8;14;3587;10;5;0;0;3
1;1;3;1;40;196;7;10;2296;16;12;0;1;1
1;1;2;1;57;162;8;8;1270;15;3;0;1;0
0;1;9;0;64;111;8;15;3238;16;13;0;0;3
1;1;2;1;14;198;3;19;2059;5;0;0;1;2
0;1;5;0;63;127;8;19;2053;19;12;1;0;2
1;1;0;1;43;109;2;0;3112;12;5;1;0;3
0;1;1;1;16;102;3;10;1440;17;8;0;1;1
1;1;0;0;51;145;7;0;2908;6;0;1;0;2
0;1;10;1;46;104;3;20;2552;14;7;0;0;2
1;1;13;0;60;148;8;19;905;14;11;1;1;0
0;1;0;1;61;107;3;9;3963;9;4;0;1;3
0;0;8;0;49;180;6;14;2056;7;5;0;0;1
0;1;2;1;48;128;5;4;2910;15;13;1;1;2
0;0;3;0;12;134;3;5;1457;14;4;1;0;1
1;0;1;1;63;144;8;6;431;15;6;1;1;0
1;1;0;1;50;159;2;0;470;7;0;1;0;0
0;0;15;1;55;168;2;18;2148;14;2;1;1;2
0;1;2;1;9;141;3;3;2955;10;4;0;0;2
0;1;13;1;44;81;3;17;3366;18;8;1;0;3
1;0;11;1;36;155;4;14;3068;9;4;1;0;3
0;0;0;0;30;182;3;0;3834;16;11;0;0;3
0;1;0;0;10;165;2;1;1050;11;1;0;1;0
0;1;0;1;43;80;4;1;3993;7;1;1;0;3
1;1;6;1;45;138;7;11;3378;13;11;1;1;3
1;0;1;1;22;104;4;4;2192;9;7;0;1;2
0;0;8;1;9;142;3;16;392;15;6;0;0;0
0;0;3;0;43;141;1;5;3709;11;0;1;1;3
1;1;4;0;38;90;4;6;590;9;2;1;0;0
0;1;8;1;42;188;6;20;1814;5;4;0;1;1
0;0;4;1;9;197;3;15;907;10;7;1;0;0
1;1;1;0;33;172;1;3;1449;11;7;0;1;0
1;1;15;1;16;116;4;20;3448;17;13;0;1;3
0;1;6;0;29;111;6;8;1837;8;7;1;1;1
1;1;0;1;58;85;7;7;3464;19;10;1;1;3
0;1;11;1;64;199;4;19;2593;14;11;1;0;2
1;1;2;0;45;180;5;3;3484;9;6;1;1;3
0;0;11;0;61;114;3;15;2009;10;3;0;0;1
1;1;5;1;57;163;1;13;2048;11;5;1;1;1
1;0;5;0;25;96;8;17;837;15;9;0;1;1
1;1;4;0;42;182;5;5;854;16;0;1;1;0
1;1;1;1;64;178;3;11;3210;13;3;0;0;3
0;1;0;0;3;155;5;13;2746;9;5;1;1;2
0;1;0;0;33;100;4;14;2334;10;1;0;1;2
0;1;2;1;57;177;3;5;2822;19;3;1;0;3
1;1;7;1;54;171;7;18;1971;18;7;1;0;2
0;1;0;1;15;103;7;0;1410;16;10;1;1;0
1;0;11;1;14;83;6;15;349;16;10;0;1;0
0;1;6;0;7;140;3;9;1418;19;17;1;0;1
1;0;18;0;7;196;3;19;3616;13;5;1;1;3
0;0;10;1;23;132;5;16;880;19;4;1;0;0
1;0;3;1;60;194;6;18;1601;18;17;0;0;2
0;0;0;0;37;141;2;1;1412;14;3;1;0;0
0;0;6;0;31;156;7;7;1692;6;2;0;0;1
1;0;3;1;10;146;6;13;2600;16;8;0;0;3
1;0;4;1;12;119;8;9;1308;16;7;0;1;1
0;0;0;0;57;192;5;4;2413;17;14;0;0;1
1;1;0;1;55;199;4;10;1047;14;10;1;0;0
0;1;1;1;8;121;7;3;1204;11;4;1;1;0
0;1;2;1;39;103;4;3;1799;5;2;0;1;1
0;1;5;0;23;172;5;10;2676;12;6;1;1;3
1;0;3;0;42;198;5;16;2597;18;1;0;0;3
1;1;0;0;46;83;1;4;3029;19;17;1;1;3
1;0;3;0;41;163;1;7;2343;19;13;1;1;3
0;1;0;1;43;106;3;4;2016;16;4;1;0;1
1;0;0;0;32;199;7;20;2213;18;13;0;0;1
0;1;0;1;4;135;6;1;790;13;6;1;0;0
1;1;13;0;7;194;5;14;3182;8;4;1;0;2
0;0;9;1;22;153;7;19;3472;9;1;0;1;3
1;0;1;1;18;89;7;9;2871;12;1;1;1;3
1;0;0;0;53;82;8;0;3187;12;9;0;0;2
1;0;3;1;40;107;3;11;1945;15;4;1;0;1
0;1;8;0;46;199;1;12;488;5;3;1;0;0
0;0;0;0;15;102;3;0;1214;5;0;0;0;1
1;1;3;0;10;194;8;7;2598;12;9;1;0;2
1;1;1;1;10;80;4;2;3242;18;11;1;0;3
1;1;7;0;52;130;3;10;3534;10;4;1;0;3
0;0;5;1;36;200;2;7;3426;5;4;1;1;3
0;0;3;1;25;198;5;4;2488;13;5;0;0;2
0;0;5;0;16;89;1;20;3255;19;14;0;1;3
1;1;0;1;58;88;4;1;2863;9;3;0;1;2
0;0;4;1;25;189;6;17;1496;6;4;1;1;1
0;1;11;0;31;181;3;16;3801;12;0;0;1;3
0;0;0;1;19;100;6;1;666;12;10;1;0;0
0;1;2;0;54;99;7;3;3799;17;7;0;1;3
0;1;9;0;2;184;1;14;1366;7;0;1;1;1
0;0;1;0;41;197;7;10;2962;12;9;1;1;2
0;1;7;0;30;195;8;12;2399;10;5;1;1;1
1;1;1;0;36;89;4;5;2338;12;8;0;0;2
1;0;0;0;16;108;5;0;2700;12;3;0;1;2
1;1;0;0;22;133;6;8;2235;19;4;0;0;1
0;1;5;1;46;179;8;7;3825;12;11;1;1;3
0;1;12;1;3;182;7;14;284;12;9;1;0;0
0;1;1;0;14;155;8;2;1427;9;1;1;0;0
0;1;0;1;31;134;1;18;1324;17;0;0;1;2
0;1;1;1;14;147;3;4;398;17;0;0;0;0
1;0;4;1;43;137;1;5;3685;18;17;1;1;3
0;1;0;0;33;141;7;6;2390;12;11;0;1;2
0;0;3;1;64;134;3;11;278;19;0;1;0;0
0;1;1;1;9;141;2;2;3556;18;12;0;0;3
0;0;0;0;31;148;2;7;2196;12;6;1;1;1
0;1;3;1;40;141;7;4;3799;16;1;0;0;3
0;0;4;0;47;199;3;7;2268;13;5;1;1;2
0;0;6;1;41;159;1;7;2965;13;10;0;0;2
1;0;1;1;56;147;5;17;2341;10;1;1;1;1
0;1;4;0;56;190;7;14;3557;16;11;1;1;3
1;0;3;1;61;176;6;12;1354;16;7;0;0;1
0;0;2;1;32;84;2;9;2147;19;1;1;0;2
0;1;6;0;45;166;2;8;505;12;2;1;1;0
0;1;4;1;46;139;1;6;1394;16;10;1;0;1
0;0;3;1;60;97;4;4;374;18;4;0;1;0
0;0;16;1;6;109;6;18;506;10;0;1;1;0
0;0;0;0;29;198;6;0;3702;17;0;0;0;3
0;1;12;0;34;142;1;16;1078;8;0;0;0;1
1;1;4;1;37;96;5;13;2945;10;5;1;1;2
1;1;10;0;51;152;6;16;2981;15;6;1;1;2
0;1;0;1;14;124;5;3;490;7;1;1;1;0
0;0;11;0;26;166;1;20;536;17;14;0;1;0
0;1;11;1;3;118;8;17;2317;16;4;0;1;2
0;1;3;1;33;183;4;8;3704;17;16;0;1;3
1;0;0;1;27;150;8;4;2126;18;9;0;0;1
1;0;2;1;10;160;6;3;2050;7;6;1;1;2
0;0;0;1;58;157;7;8;2462;12;8;0;0;3
0;1;17;0;44;110;4;20;1260;9;2;0;0;1
1;1;2;1;32;101;7;6;3770;5;3;1;0;3
0;0;2;1;8;101;5;5;1886;17;4;1;0;1
1;1;5;1;10;183;4;8;3323;9;1;1;1;2
0;1;0;1;42;197;5;4;2060;19;6;0;0;2
0;1;0;1;16;189;5;1;3926;16;12;0;0;3
0;1;8;1;25;143;6;15;2177;7;5;1;1;2
0;0;2;0;29;93;7;10;728;14;8;0;1;0
0;1;0;0;23;101;5;1;2478;14;8;0;0;3
0;1;0;1;22;197;2;13;2842;16;12;0;0;2
1;1;2;0;63;165;7;4;1617;17;4;0;1;1
1;0;12;1;30;113;1;20;1472;14;7;0;0;0
1;0;11;0;41;178;6;12;764;19;12;0;0;0
0;0;0;0;38;198;8;5;2337;6;1;1;1;2
1;1;15;0;20;84;4;19;3965;16;1;0;0;3
1;0;0;0;54;138;5;12;3693;17;14;1;0;3
1;1;1;1;4;92;3;13;797;13;2;1;0;0
0;0;0;1;5;95;6;9;1687;11;0;0;0;2
1;1;0;1;46;103;1;17;2940;13;9;1;1;3
1;0;3;1;6;151;1;5;1545;9;5;1;0;1
0;1;2;0;43;150;5;5;3834;17;7;1;1;3
0;0;8;0;46;165;1;18;2505;15;4;1;0;1
1;1;1;1;7;190;5;15;2243;12;10;0;0;2
1;1;4;1;64;150;8;8;3600;17;9;1;1;3
1;0;5;1;57;117;2;6;3971;18;12;1;1;3
0;0;0;0;20;163;4;15;2844;7;5;1;0;2
0;0;1;1;23;117;7;8;2227;18;10;1;0;2
0;1;0;1;41;94;3;13;1665;17;9;1;1;2
0;0;0;1;61;106;3;7;3355;15;2;0;1;3
0;0;3;0;26;93;4;4;1866;11;10;1;1;1
0;1;9;1;36;119;3;20;1287;13;4;0;0;1
1;0;0;1;22;192;1;0;1046;5;4;0;1;0
1;1;7;1;20;173;7;15;1441;7;4;1;1;1
0;0;0;1;16;166;3;9;690;14;6;0;1;0
0;1;10;0;30;105;7;17;2504;6;4;0;0;2
1;0;6;0;61;168;6;19;2677;19;15;0;0;2
0;1;0;1;47;115;8;1;2243;11;7;0;1;2
0;1;16;1;8;171;6;17;2984;13;4;0;1;2
0;0;7;0;49;182;5;16;1362;5;0;0;1;1
1;1;1;1;51;110;7;4;3629;19;15;1;1;3
1;1;0;1;35;142;6;6;3559;18;17;1;0;3
0;1;0;0;23;111;3;1;2571;11;0;0;1;2
1;0;0;0;41;159;8;0;2107;15;9;0;1;2
1;0;9;0;63;135;5;17;1022;11;3;0;0;0
0;0;4;1;39;128;5;16;2844;14;9;1;0;2
0;1;0;1;50;91;1;0;711;9;5;1;0;0
1;0;3;1;53;181;3;7;3117;18;5;1;1;3
0;1;0;1;49;181;8;2;978;5;3;0;1;0
0;0;5;1;17;194;5;9;1869;13;1;1;1;1
0;0;0;1;24;112;3;1;1179;16;7;0;1;1
0;0;4;0;51;88;5;6;3844;11;8;1;0;3
1;1;6;1;29;133;5;19;593;19;17;0;1;0
0;0;5;1;40;111;2;10;588;6;5;1;1;0
1;1;8;0;13;116;4;12;3836;12;11;0;0;3
1;1;1;1;25;123;6;11;2669;12;10;0;0;2
1;1;3;0;38;166;4;4;2958;14;11;0;0;3
1;0;1;1;17;200;2;5;3031;11;6;1;1;3
1;1;18;1;49;109;1;19;3388;6;4;1;1;3
1;1;0;0;31;128;8;1;2377;18;8;1;0;2
0;1;2;1;37;138;4;19;2458;19;16;0;1;2
0;0;17;0;24;127;3;18;2766;7;2;1;1;3
0;0;1;0;39;112;5;6;3054;14;10;0;0;3
1;1;4;0;9;105;1;6;3791;11;10;1;1;3
0;1;4;1;31;83;8;17;625;17;6;0;0;0
0;1;0;0;27;192;3;19;2227;6;5;1;0;1
0;0;12;1;6;142;2;15;3256;9;8;1;0;2
1;0;6;1;11;129;1;8;707;19;8;1;0;0
0;0;3;0;42;199;5;12;1457;18;12;0;1;1
1;1;14;1;6;183;5;16;3755;7;1;1;1;3
0;0;0;0;38;183;7;1;1733;9;0;0;1;1
1;0;0;0;49;107;4;2;720;12;2;1;1;0
1;0;0;1;49;139;8;1;3560;11;1;1;1;2
0;1;0;0;44;187;7;0;2311;7;6;0;0;2
1;0;0;1;51;157;6;20;3846;10;1;0;0;3
0;0;2;0;10;110;5;10;1717;7;1;1;1;2
0;0;7;1;37;129;7;14;3704;8;6;0;0;3
1;1;2;0;50;127;7;12;3800;8;3;0;0;3
1;1;3;0;23;165;2;15;278;16;3;0;1;0
0;0;3;1;48;99;4;15;1767;18;15;1;0;1
1;0;4;0;7;107;5;10;1846;12;5;0;1;1
1;1;3;1;30;105;2;4;829;9;0;0;0;0
0;1;0;0;55;183;2;1;2986;7;1;1;1;2
0;0;0;0;63;93;5;0;2394;17;9;0;0;2
1;1;0;1;63;195;8;7;2169;6;5;1;1;1
0;1;2;0;7;101;4;7;1181;13;5;1;1;0
1;1;9;0;19;131;1;17;575;15;9;0;0;0
1;0;5;1;57;190;7;16;2977;6;4;0;0;2
1;0;4;1;4;154;4;13;532;12;8;1;1;0
1;1;1;0;32;141;7;11;1702;17;0;1;1;1
0;1;0;1;51;168;3;1;1074;14;8;1;0;0
1;1;6;1;6;162;6;17;3352;9;1;1;1;3
0;1;7;1;59;178;7;10;1027;6;3;0;0;1
0;1;0;0;25;88;4;1;2039;5;1;1;1;1
1;0;0;1;56;191;1;1;461;7;3;0;0;0
0;0;4;0;28;175;4;10;527;10;0;1;0;0
0;0;8;0;18;177;2;16;3271;14;0;0;1;3
1;0;5;1;57;100;2;15;606;9;3;1;1;1
0;0;10;1;40;86;6;14;2513;10;8;1;0;3
0;1;10;1;38;136;6;12;1675;18;4;1;1;1
1;1;4;0;47;93;5;5;2698;9;6;1;0;2
1;1;0;0;28;148;1;6;1129;12;1;1;0;1
0;0;2;1;7;114;7;18;468;19;13;1;0;0
0;1;0;1;4;89;8;2;1210;19;15;1;1;0
1;1;7;1;45;103;1;12;3086;17;6;1;1;3
1;1;11;0;3;98;3;14;1595;8;4;0;1;1
0;1;5;1;30;133;2;15;2332;17;13;1;1;2
0;0;3;0;62;125;4;8;2589;19;11;1;1;2
0;0;0;1;61;126;4;13;3760;9;5;1;1;3
1;1;3;1;8;144;4;19;1851;8;2;1;0;1
0;0;12;1;2;177;7;13;417;8;4;0;1;0
1;0;0;0;39;187;8;4;294;13;9;0;1;0
1;0;3;1;36;119;6;20;3576;17;16;0;0;3
0;1;0;1;40;100;3;14;3945;11;7;0;1;3
1;0;9;1;54;200;7;11;927;19;10;0;1;1
0;0;6;1;6;110;3;7;2044;15;5;0;1;1
1;1;7;0;56;158;8;9;2334;11;5;0;0;2
0;0;0;1;27;164;1;3;1477;12;0;0;0;1
1;1;6;0;16;102;7;7;3161;8;4;0;0;3
0;0;0;1;24;170;8;0;3660;7;5;1;0;3
0;1;16;1;26;84;1;20;1604;14;3;0;1;1
1;1;0;0;42;163;6;4;2211;7;4;0;1;1
1;1;8;0;63;134;2;11;3822;14;3;1;1;3
0;1;10;0;16;151;7;13;3922;11;1;0;1;3
1;0;6;0;9;139;6;18;1203;14;12;1;1;2
0;0;6;1;48;143;5;14;2822;15;5;1;1;3
0;1;1;1;34;108;5;5;447;15;13;1;0;0
0;0;0;1;56;114;7;1;1652;5;0;0;0;1
1;0;7;0;12;121;8;19;3608;15;1;1;0;3
1;0;1;0;52;181;6;2;1228;8;6;0;1;1
1;1;11;0;56;80;8;13;666;19;10;1;0;0
1;1;8;1;38;105;7;17;1499;12;8;0;1;1
1;0;17;0;58;189;1;19;3321;5;4;1;0;3
1;1;2;0;57;181;6;7;1206;7;1;1;1;0
1;0;16;1;56;113;1;20;952;19;3;0;1;0
1;1;11;0;12;117;2;14;3927;5;3;1;1;3
0;0;1;1;29;191;2;8;311;18;5;0;0;0
0;0;18;0;52;98;3;20;955;18;11;1;1;1
0;0;0;1;37;87;3;2;1109;13;1;1;0;1
0;1;6;0;8;178;6;20;2969;8;6;0;1;2
0;0;11;0;42;177;6;13;725;11;10;0;1;0
1;1;1;0;40;185;4;8;1655;7;6;0;0;2
1;1;5;0;44;180;2;6;3490;16;12;1;0;3
0;0;0;0;41;80;7;2;1774;12;0;0;0;2
0;1;1;1;50;199;3;14;3615;13;0;0;1;3
0;0;6;1;41;184;8;17;714;18;2;1;0;0
0;1;0;0;49;155;2;0;2768;19;2;0;1;2
0;0;3;0;49;165;8;17;3739;14;1;0;0;3
0;0;6;1;64;170;4;9;610;8;1;1;0;1
1;0;6;1;14;199;2;13;715;18;5;0;1;0
0;0;7;1;42;94;1;8;663;13;12;0;0;0
0;1;6;0;64;161;3;8;1725;14;5;0;1;1
0;1;0;1;5;101;2;20;834;16;0;1;0;0
0;1;2;1;29;177;1;13;3865;12;10;0;0;3
0;1;1;0;64;182;1;2;3059;6;5;1;0;3
1;1;14;1;63;83;1;17;651;9;6;1;0;0
0;0;5;1;18;160;6;20;796;13;3;0;1;0
0;1;5;0;25;115;7;14;785;10;7;1;1;0
1;1;0;0;21;189;1;11;3252;16;0;0;0;2
1;0;6;0;26;129;1;15;1322;15;11;1;1;1
0;1;1;0;27;183;1;16;2832;7;1;1;1;2
1;1;5;0;13;193;5;8;1615;11;6;1;0;1
0;0;5;0;20;138;1;10;2125;17;15;1;1;1
0;0;0;1;9;191;6;3;990;6;1;0;1;1
0;1;0;1;20;143;4;10;1595;14;0;1;0;1
1;0;1;1;7;126;3;17;1213;5;0;1;1;1
1;1;8;0;47;140;2;13;2500;17;1;0;1;2
0;1;0;0;18;106;4;1;2801;18;15;1;0;2
1;1;0;0;47;91;3;1;3451;15;1;1;0;3
0;0;2;1;48;114;1;19;1201;14;12;1;0;0
0;0;2;1;36;182;1;6;3139;14;7;1;0;2
0;0;0;1;22;169;7;1;1938;15;11;1;1;2
0;1;5;0;54;109;3;9;3185;8;4;0;0;2
1;1;5;1;2;106;6;13;2111;18;7;0;1;1
1;1;8;0;17;193;8;15;2369;7;0;1;0;2
1;1;6;0;37;120;7;20;3625;17;1;1;1;3
0;0;2;0;6;86;1;4;1051;13;10;0;1;0
1;0;0;1;52;196;4;4;1036;17;4;0;0;1
1;0;2;1;10;184;5;7;2938;6;0;1;1;2
1;0;6;1;3;185;6;13;2855;5;0;0;1;2
1;0;7;1;57;118;1;15;2727;13;3;0;0;2
1;1;2;0;42;149;3;4;2973;12;5;0;1;2
1;0;15;1;44;117;1;16;2581;15;11;0;1;1
0;1;16;0;2;123;5;20;2690;18;16;0;1;3
1;0;2;0;33;191;8;5;916;13;10;1;1;0
0;0;7;1;8;138;8;16;2563;19;17;0;0;2
1;1;10;1;19;148;7;18;3359;10;0;0;0;2
1;0;7;1;64;181;4;12;941;8;4;1;0;1
1;1;0;0;17;199;1;1;2280;17;14;0;0;2
0;1;1;1;50;194;7;3;827;15;9;0;1;0
1;1;10;1;62;175;5;13;473;11;1;1;0;0
1;1;1;1;61;86;7;3;3865;10;7;0;0;3
0;0;10;0;21;91;7;19;1274;18;7;0;0;1
0;1;13;1;57;172;2;18;364;11;1;1;0;0
1;1;4;0;32;171;2;7;3699;17;11;1;1;3
0;1;0;1;21;187;4;2;2927;14;13;0;1;2
1;0;0;0;36;195;4;12;1470;13;0;1;0;0
0;1;8;1;2;92;8;14;1050;6;4;1;0;0
0;1;0;0;9;162;6;2;2616;18;8;1;1;2
0;1;0;0;34;99;8;17;2915;8;2;1;0;3
0;0;8;1;46;178;1;12;2686;11;7;1;1;2
0;1;8;1;52;185;6;12;1243;19;18;1;1;1
1;0;10;0;52;183;2;12;3264;16;1;1;1;3
0;0;4;1;36;131;7;18;2261;7;6;1;1;1
1;1;17;1;55;138;5;19;2993;5;1;1;1;3
1;1;0;0;58;135;7;0;706;12;9;1;0;0
1;0;5;1;42;115;5;14;2542;10;1;0;0;3
1;0;0;0;30;189;7;10;2523;17;16;0;1;2
1;0;0;0;26;151;2;0;336;13;11;0;1;0
1;1;1;1;14;97;6;10;2457;11;7;1;0;1
0;0;2;0;19;166;4;14;418;9;7;0;1;0
1;0;0;1;46;145;2;9;3917;13;11;0;1;3
1;1;10;0;8;166;7;13;1246;8;1;0;1;1
0;0;2;0;48;142;7;10;2971;12;8;1;1;2
1;0;3;1;59;174;3;4;2324;10;6;0;1;2
1;1;0;1;54;187;2;1;3121;18;2;1;1;2
1;0;12;1;33;191;1;20;3801;10;6;0;0;2
1;0;4;1;18;138;3;5;3333;17;15;0;0;3
0;0;12;1;44;187;8;17;3475;19;3;0;0;3
0;0;14;0;23;146;8;15;2360;17;16;1;1;1
0;0;1;0;12;144;7;8;2895;7;6;1;0;2
0;0;1;0;63;137;7;12;3652;16;1;0;0;3
1;1;3;0;26;134;6;16;3097;5;0;1;0;3
1;0;0;0;39;119;7;3;2101;10;7;1;0;1
1;0;15;0;23;162;4;16;3918;9;2;1;0;3
1;0;3;1;9;145;7;19;3869;19;18;1;1;3
0;1;0;1;57;195;4;1;732;14;1;1;0;1
0;1;8;1;7;141;2;13;3684;9;7;0;0;3
0;1;4;1;57;91;8;12;3969;12;8;1;1;3
1;1;0;0;33;173;2;2;1414;12;1;1;0;0
1;1;10;1;28;131;4;12;1892;10;0;1;1;1
0;1;0;1;42;169;1;4;3131;8;3;1;1;3
0;1;0;1;7;184;3;12;2532;10;5;1;1;2
0;1;16;1;50;93;7;18;3215;18;0;1;1;3
0;0;8;0;19;156;3;10;3323;13;12;0;1;3
1;1;0;1;55;171;4;5;1529;13;8;0;1;2
1;0;6;1;13;123;6;9;2403;9;2;1;1;2
1;1;1;0;34;83;4;3;3419;7;5;1;0;3
0;0;0;0;45;95;5;2;3648;9;0;0;0;3
1;1;9;1;17;173;5;11;1974;12;10;0;0;0
0;0;12;1;34;142;8;15;2806;7;2;0;1;2
1;1;2;0;51;193;4;3;2239;13;9;0;1;2
1;1;5;1;5;171;5;8;582;15;7;1;1;0
0;0;2;1;44;112;6;13;3890;17;10;1;1;3
1;1;12;0;48;99;5;17;1141;5;2;0;1;1
1;0;0;0;49;101;5;0;2511;6;3;0;0;2
0;1;2;0;25;131;3;17;3838;9;2;0;1;3
1;0;5;1;51;186;4;12;2734;10;1;0;1;2
1;0;1;0;54;161;8;5;2330;19;5;1;0;1
1;1;2;1;63;176;5;4;2244;14;9;1;0;1
0;0;1;1;54;176;7;2;1851;15;13;1;0;1
1;0;2;0;4;100;2;12;808;11;7;1;0;0
1;1;7;0;7;105;5;12;1587;6;5;0;1;1
0;1;6;0;57;84;3;17;2492;16;14;1;0;2
1;0;10;1;43;166;4;14;2122;15;1;0;0;2
1;0;2;0;11;158;2;13;1122;12;6;1;1;0
0;1;4;0;48;160;4;6;3709;14;2;0;0;2
0;1;3;1;56;182;3;4;3021;12;2;0;0;2
1;1;9;0;47;186;6;10;624;9;3;1;1;0
1;0;0;1;24;134;7;2;3937;8;1;0;1;3
0;0;3;1;20;149;6;7;1797;19;5;1;1;1
1;0;10;1;28;194;2;19;1458;5;1;0;1;1
1;1;6;1;17;126;8;7;3348;18;16;1;0;3
1;1;3;0;64;116;8;15;1834;5;2;1;1;1
0;0;0;1;57;165;1;2;2775;13;8;0;1;3
0;1;0;1;17;153;6;8;1277;13;6;0;0;1
0;1;4;0;23;111;4;5;457;17;10;1;1;0
1;0;0;0;50;134;2;11;438;17;0;0;0;0
0;1;8;1;13;82;7;15;3210;15;7;1;1;3
0;1;1;0;36;130;6;10;985;12;11;1;0;1
1;0;10;1;3;200;2;16;3701;15;8;1;0;3
0;0;0;0;8;123;7;0;1052;8;1;1;0;0
1;1;6;0;57;135;8;9;1175;16;0;0;0;0
0;0;1;0;11;146;7;2;1070;8;1;1;1;1
1;0;3;0;3;134;7;9;3411;12;11;0;1;3
0;1;13;0;26;156;3;16;1175;12;9;1;0;1
0;1;2;1;3;198;7;12;301;13;5;0;0;0
0;1;7;0;28;183;2;13;489;15;11;0;1;0
1;0;5;1;64;145;2;13;1733;5;3;1;0;2
0;1;15;0;62;114;5;16;2756;11;3;0;0;2
0;0;5;1;51;195;1;18;2612;8;2;0;0;2
1;1;1;0;51;158;8;3;1724;5;1;1;1;1
1;1;3;1;35;84;2;10;2190;16;12;1;1;1
1;0;0;1;54;107;3;4;1900;16;8;0;1;1
0;1;2;1;34;98;3;5;3915;9;8;0;1;3
0;0;10;1;25;178;6;12;1043;6;2;1;0;0
0;0;1;0;64;154;7;2;3817;8;7;1;1;3
1;0;6;1;48;94;3;19;2362;17;2;1;0;2
1;1;4;0;41;95;3;7;1107;7;3;0;0;1
1;0;12;0;53;84;5;14;2982;14;9;1;0;3
0;1;0;0;28;106;5;5;2042;17;15;1;0;1
1;0;6;1;44;186;4;12;1343;5;1;1;0;0
0;1;9;1;43;170;7;12;2610;12;3;0;1;2
1;0;12;0;6;162;7;17;2335;15;7;1;1;2
0;1;3;1;51;165;8;20;1614;17;12;1;1;1
1;1;5;0;13;109;2;14;1138;9;8;1;0;0
1;1;3;1;40;122;8;15;604;16;14;0;0;0
1;0;5;1;42;118;3;10;3652;14;10;0;0;3
0;1;2;1;37;176;4;6;3955;19;4;1;1;3
0;0;7;0;4;133;8;11;258;11;9;1;1;0
0;0;0;1;18;153;7;0;1066;11;1;1;0;0
1;1;10;0;61;96;1;12;1731;9;5;0;0;1
0;1;1;0;48;87;7;13;3860;7;5;0;0;3
0;1;8;0;16;100;5;10;3630;9;7;1;0;3
0;1;0;1;45;174;3;4;1965;6;2;1;0;1
1;0;1;1;60;104;4;2;1459;6;1;1;0;0
0;0;0;0;22;115;3;7;2323;9;8;0;1;2
0;0;9;0;2;120;4;14;3291;11;2;1;1;2
0;0;0;1;61;159;1;13;3272;18;0;1;0;3
0;0;4;0;26;101;4;18;918;9;1;0;0;0
0;0;14;0;15;132;4;16;3488;16;2;0;1;3
1;1;2;0;58;128;4;4;3961;16;14;0;1;3
1;0;2;1;56;114;6;4;590;11;3;0;1;0
1;0;1;1;34;95;1;3;3701;15;9;1;0;3
1;1;14;0;3;83;5;17;463;14;6;0;1;0
0;0;0;1;43;148;2;2;3644;15;10;0;1;3
1;0;0;0;27;142;6;18;1713;16;4;1;1;1
0;0;0;1;41;200;4;3;429;9;4;1;1;0
1;1;12;1;2;145;5;15;2765;13;12;0;1;2
1;1;13;1;27;169;4;14;2084;7;1;0;0;2
0;0;0;0;20;186;5;4;1125;17;10;0;0;1
0;0;5;1;48;109;3;14;2048;6;0;1;1;2
0;0;7;0;17;174;6;20;1223;8;0;0;1;0
0;0;5;1;31;132;1;10;3672;5;1;1;1;3
1;1;3;0;17;195;7;9;3100;17;5;1;0;2
0;1;6;0;50;124;8;9;343;11;8;1;0;0
1;0;0;0;15;155;5;0;1970;16;8;1;0;1
0;0;5;0;39;131;5;17;2728;6;0;1;1;2
1;1;11;0;5;124;3;12;3635;7;4;0;0;3
0;0;13;0;31;186;2;20;2180;7;4;0;1;1
1;1;1;1;33;172;3;2;2488;6;1;0;0;2
0;1;3;0;34;104;2;4;3864;13;3;0;0;3
1;1;1;0;54;104;8;16;1155;7;1;0;1;0
1;0;16;1;32;170;6;18;3566;17;6;0;1;3
1;1;1;1;6;109;7;2;864;9;8;0;1;1
0;0;0;1;32;176;7;6;869;19;13;1;1;0
1;0;0;0;29;119;2;0;591;9;2;1;1;0
1;0;1;0;19;159;1;2;1333;15;6;1;1;1
1;1;2;1;23;123;7;10;2208;12;11;0;1;2
1;1;7;0;15;83;3;15;2610;18;14;1;1;2
0;0;0;0;59;185;5;6;2819;19;17;0;1;2
1;0;6;0;44;134;3;15;1955;9;4;0;1;2
1;0;9;1;50;151;4;20;3416;14;6;1;0;3
1;1;6;0;10;160;1;13;3803;7;3;0;1;3
1;1;11;0;7;192;1;14;574;5;3;0;0;0
1;0;10;1;45;166;4;19;2129;13;9;0;1;1
0;1;2;1;9;103;6;14;1948;13;1;1;1;1
0;0;2;0;2;90;7;6;2978;18;7;0;0;2
0;0;0;1;12;200;8;0;1619;7;1;1;1;1
0;0;8;0;61;134;3;18;3716;15;13;1;0;3
0;0;3;0;57;154;4;4;3454;13;8;0;1;3
1;0;9;1;19;187;3;20;3777;7;2;1;1;3
1;1;11;1;55;91;1;17;2712;7;2;0;1;3
1;0;9;1;46;135;8;10;1434;5;0;0;0;1
0;1;6;1;14;146;3;7;3968;16;12;0;1;3
0;1;5;0;51;117;5;11;3383;16;5;0;0;3
0;1;0;1;23;86;2;0;3278;8;6;0;1;3
1;0;3;1;26;100;8;16;3970;16;8;0;1;3
1;1;8;1;54;145;8;15;2674;14;8;0;0;2
1;0;6;0;27;190;4;11;2776;19;17;1;1;3
0;1;7;1;61;129;2;11;2336;10;4;0;0;2
0;0;9;1;12;114;1;18;2430;7;4;1;1;2
1;0;3;1;38;119;6;8;891;18;3;1;0;0
1;1;3;0;8;193;5;10;728;13;5;1;0;0
1;0;3;0;30;148;5;17;3886;14;10;0;0;3
1;0;3;0;17;182;4;13;1711;7;3;0;1;1
1;1;0;0;16;117;7;2;2856;14;3;1;1;2
0;0;0;0;31;152;8;7;2447;16;2;1;1;2
0;0;8;1;37;161;6;20;814;11;7;1;1;0
1;1;7;0;49;193;4;16;2951;7;0;1;0;2
0;1;4;0;53;186;6;6;3653;7;1;1;1;2
1;1;5;0;51;137;8;11;1891;18;3;1;0;1
1;1;5;0;16;166;1;9;701;17;15;0;1;0
0;1;1;1;38;176;4;7;3139;6;1;1;1;3
0;1;2;0;39;184;8;9;2811;7;6;0;1;1
0;1;3;1;21;160;5;18;1701;11;4;0;1;1
0;0;0;1;16;194;2;0;1853;17;14;1;1;1
0;0;16;1;19;185;6;17;2445;6;1;1;1;1
1;1;0;1;50;181;8;4;2287;15;1;1;0;1
1;1;0;0;31;146;2;7;2003;8;7;1;1;2
1;0;0;1;7;192;1;3;3595;7;5;1;1;2
0;1;0;1;35;83;2;4;1726;16;5;0;1;1
1;1;10;0;45;89;5;14;3952;8;6;0;1;3
1;1;1;0;41;190;8;6;850;5;1;1;1;1
0;0;0;0;43;101;8;0;1446;17;2;1;0;0
0;0;12;1;45;113;8;20;1300;8;7;1;0;1
1;0;6;1;21;160;4;10;719;14;10;1;1;0
1;1;6;0;26;123;5;7;988;11;5;1;1;0
0;0;10;1;53;180;8;18;2606;13;6;0;0;2
0;0;0;0;32;200;1;10;2912;11;10;1;0;2
1;0;4;0;30;102;1;7;2339;19;9;1;1;2
0;1;2;0;13;169;1;7;1028;14;6;1;1;0
0;0;9;0;61;90;8;10;3173;9;4;0;1;3
0;1;15;0;14;191;2;16;1667;17;6;0;1;1
1;0;11;1;13;190;8;14;1897;6;2;0;0;2
0;0;0;0;3;143;6;4;1214;9;8;1;1;1
0;1;16;0;38;90;6;17;3269;8;7;1;0;2
1;0;12;0;32;113;7;15;445;15;14;0;1;0
1;0;4;0;30;83;8;15;1073;6;4;1;0;0
1;0;14;0;52;118;2;15;665;18;5;0;0;1
0;1;15;0;50;121;2;20;3129;17;6;0;0;3
1;1;0;1;34;150;2;9;3501;13;11;0;0;3
1;1;7;1;8;169;5;8;3461;6;3;1;1;3
0;1;9;1;32;180;6;16;3206;12;6;1;0;3
1;0;13;1;46;115;2;15;3717;11;0;1;0;3
1;1;0;1;55;171;1;1;3917;15;5;0;1;3
0;0;4;0;24;80;7;13;861;7;4;0;1;0
1;1;9;0;20;129;5;10;2885;19;7;1;1;2
1;1;4;0;6;170;1;16;2777;9;2;1;0;2
0;0;7;0;24;112;5;12;1017;12;7;0;1;0
0;1;1;1;23;82;4;9;980;13;9;0;0;0
1;0;2;0;23;92;1;15;2775;14;4;0;0;3
0;0;4;1;19;95;8;18;3309;15;3;0;1;3
1;0;8;1;18;88;3;17;3607;12;10;1;1;3
0;1;1;1;24;169;5;17;1257;16;10;0;0;0
1;1;0;1;5;198;3;8;759;9;3;1;0;0
1;1;17;0;5;166;3;20;3720;15;7;1;0;3
1;1;2;1;58;88;3;4;475;7;6;0;1;0
1;0;8;1;29;80;1;10;1122;9;3;1;1;0
1;0;0;0;40;147;4;15;1336;8;5;0;0;1
1;1;2;0;40;185;8;18;1185;11;2;1;0;2
0;1;0;0;17;196;5;4;705;11;3;1;1;0
1;0;6;0;35;181;5;12;3169;14;9;0;0;2
1;0;0;1;39;182;1;5;3483;10;1;0;1;3
0;0;12;0;64;175;5;18;1183;14;3;0;1;1
1;0;0;1;55;118;3;1;3373;11;2;1;0;3
1;1;0;0;54;151;4;20;2801;6;1;1;1;2
0;1;1;0;58;142;3;2;565;18;12;0;1;0
0;0;10;0;25;145;2;12;3153;9;4;0;0;2
1;0;0;0;11;163;8;10;3421;16;2;1;1;2
0;0;6;1;3;173;5;7;316;15;14;0;0;0
1;0;4;1;11;193;7;13;448;18;17;0;0;0
0;1;2;0;40;169;6;5;2366;16;8;1;1;1
1;1;0;1;44;85;4;20;3881;14;10;0;1;3
1;0;0;0;12;122;8;7;462;6;3;0;0;0
0;1;0;0;7;128;7;6;1480;6;1;0;0;1
0;1;0;1;28;163;2;0;1087;17;16;0;0;1
0;1;5;1;56;139;5;13;2711;8;2;1;1;2
1;0;7;1;20;81;7;14;2144;13;12;1;1;2
0;1;1;1;35;188;7;15;1165;19;6;1;1;0
1;0;6;1;16;128;8;11;2998;5;4;1;0;2
0;0;1;1;46;102;4;8;2249;14;3;1;1;2
1;0;3;0;56;179;3;5;752;17;8;0;1;0
1;1;0;0;4;190;2;3;1409;16;5;0;0;1
1;1;0;1;30;184;7;15;3072;7;3;1;0;3
1;0;0;0;24;125;3;0;1305;12;8;0;1;0
1;1;9;0;21;145;7;14;3597;14;5;0;0;2
0;1;1;0;44;172;8;15;3132;8;7;1;1;2
1;1;6;0;34;162;1;7;3856;18;4;1;1;3
1;1;1;0;39;98;1;9;1524;15;10;1;1;1
0;1;0;0;16;166;5;6;3673;12;1;0;1;3
0;1;7;0;21;196;2;10;3293;8;4;0;1;2
1;1;1;0;5;126;4;2;3035;12;7;0;1;2
1;0;5;1;36;197;6;18;584;17;14;1;0;1
0;1;0;1;2;138;7;1;2675;12;11;1;0;2
1;1;7;1;30;114;1;16;2382;9;0;0;1;2
0;0;5;1;48;150;4;6;1391;19;13;0;1;1
0;0;12;1;54;131;4;19;2346;13;12;0;1;1
1;1;0;1;30;185;3;3;606;6;0;0;0;0
1;1;0;0;34;130;3;3;1324;7;3;1;1;1
1;1;1;1;58;107;6;3;1076;16;8;1;1;0
0;0;1;0;35;118;8;2;643;17;1;0;1;1
1;0;1;0;21;123;7;2;783;10;8;0;0;0
1;0;0;1;26;101;5;2;3809;17;16;0;1;3
0;0;0;1;19;154;8;0;2104;7;4;1;0;1
0;1;5;0;54;185;3;10;1762;5;3;1;0;1
0;1;13;0;9;87;6;18;3137;12;1;1;1;3
1;0;7;0;15;160;3;11;1756;6;3;1;1;1
1;1;2;0;9;111;7;5;3663;14;10;0;0;3
1;0;10;1;27;147;8;11;2437;14;0;0;0;2
0;1;4;0;43;143;5;8;1432;12;9;1;1;1
0;1;0;1;47;167;8;6;1620;17;15;0;0;1
0;0;0;0;14;112;5;2;1655;18;0;0;0;0
0;1;0;0;3;178;7;1;2832;5;0;0;1;2
1;0;0;1;31;95;6;10;961;16;6;1;0;0
1;0;2;0;46;149;3;3;2608;6;0;0;1;2
0;0;4;1;3;171;5;6;514;7;4;0;0;0
1;1;6;0;14;167;8;8;2304;7;1;0;1;2
1;1;4;1;60;132;5;7;933;14;0;1;0;0
1;1;13;1;25;189;1;14;1896;14;10;1;1;1
1;1;1;0;53;121;4;16;3655;7;3;1;0;3
1;1;0;0;35;136;1;0;1973;12;9;1;1;1
1;0;7;0;64;128;7;16;3278;6;3;0;0;2
1;0;10;1;15;107;8;11;2183;8;3;1;0;2
1;1;1;0;25;182;7;18;824;15;5;0;1;0
0;1;8;0;35;186;7;20;2598;13;5;1;0;1
1;1;7;1;54;81;3;13;1254;15;9;1;1;0
0;1;2;1;7;146;8;7;3622;7;0;0;1;3
1;1;11;0;14;148;7;16;1704;17;13;0;1;2
0;1;3;1;45;132;4;17;1624;15;13;1;0;1
1;0;13;1;50;179;6;17;3809;17;12;1;0;3
1;0;9;1;50;117;4;10;2574;10;1;0;1;2
0;0;1;0;36;179;3;4;950;17;9;0;0;0
0;0;1;1;21;192;8;2;273;17;6;1;1;0
0;1;6;1;46;200;3;9;446;16;13;1;1;1
1;0;6;1;61;120;7;12;1510;12;10;1;0;2
1;0;0;1;26;147;4;0;1122;12;9;1;1;0
1;1;4;1;33;128;4;5;707;19;2;1;1;0
1;1;4;0;44;198;8;13;751;7;3;0;0;0
0;0;1;0;48;191;3;7;3393;12;7;0;0;2
0;1;4;0;11;124;6;8;3771;15;6;0;0;3
0;0;0;1;3;168;4;3;1851;15;3;0;0;1
0;1;11;0;27;102;4;17;2735;7;2;1;0;2
0;1;4;1;62;104;7;13;2253;17;4;1;0;1
1;1;0;0;32;165;7;1;452;13;6;1;0;0
1;0;6;0;32;151;5;9;1419;12;11;1;0;0
0;1;2;1;45;190;3;4;969;15;1;0;0;0
0;1;8;1;22;145;1;11;3441;19;1;0;0;2
0;0;2;1;64;103;2;7;3786;17;12;0;0;3
0;0;5;1;13;106;6;6;2710;13;1;1;0;2
0;1;10;0;12;169;6;17;3533;16;14;1;1;3
0;0;10;0;60;144;5;15;1735;7;0;0;1;0
1;0;0;1;12;103;7;3;3587;14;11;0;0;3
1;0;0;1;34;102;7;7;2298;17;5;1;0;2
1;1;12;1;41;89;1;13;2027;11;5;0;0;1
0;1;1;0;27;127;7;3;2406;13;10;0;1;2
0;0;13;1;31;108;3;19;2419;8;7;0;1;1
0;0;3;0;25;131;7;9;995;7;6;1;1;0
0;0;10;1;60;154;5;14;2078;5;3;1;1;2
0;1;0;0;19;159;2;1;1145;19;1;0;1;0
0;1;8;1;41;155;4;12;626;10;4;1;1;0
1;0;5;1;57;155;6;9;1509;15;11;1;1;1
0;0;2;1;26;164;5;3;3371;13;9;0;1;3
0;0;7;0;52;85;4;15;297;13;1;1;0;0
0;0;2;0;38;198;5;7;3508;13;8;0;1;3
1;0;1;1;23;183;8;3;2385;16;9;0;0;1
0;0;0;0;33;105;1;14;1301;13;12;0;1;1
1;1;6;1;57;81;3;12;2167;11;10;0;1;1
0;0;0;0;43;116;5;6;3914;10;3;0;1;3
0;1;3;0;22;119;6;6;2312;9;1;0;0;2
1;1;4;0;17;93;5;7;2297;14;6;1;0;2
1;1;0;1;19;176;3;9;411;8;2;1;1;0
1;1;7;1;2;193;3;13;665;10;0;1;0;0
1;0;1;0;62;130;1;3;3226;6;4;1;0;3
0;0;1;1;48;113;1;4;740;11;10;1;0;0
0;1;4;1;39;185;5;12;3878;19;16;0;0;3
0;1;0;0;20;135;7;0;3406;5;1;0;1;3
0;0;2;0;30;112;7;8;2440;9;5;1;1;2
0;1;2;0;50;108;5;6;3959;10;4;1;0;3
1;0;3;1;49;154;6;7;3703;17;6;1;0;3
1;1;2;0;35;165;2;15;3714;19;3;1;1;3
1;0;10;1;21;169;7;14;337;16;3;1;0;0
0;1;0;0;25;183;2;1;3176;6;2;0;1;2
1;0;1;1;20;112;8;3;1205;18;7;0;0;1
0;1;8;0;28;150;2;10;2473;16;11;0;0;2
1;1;14;1;2;169;7;20;1229;5;3;1;0;0
1;1;0;1;9;114;2;0;2896;12;11;0;1;3
0;0;0;0;11;144;3;11;2039;11;6;1;0;1
0;1;5;1;6;133;4;13;520;10;2;0;1;0
0;1;5;1;3;121;3;15;1378;18;15;1;1;1
0;0;3;0;49;140;5;12;3254;12;0;0;0;3
0;1;1;1;37;184;7;13;1803;5;4;0;0;1
1;0;12;1;52;145;2;15;2501;16;12;0;0;3
0;1;0;0;8;192;4;1;3762;15;9;0;1;3
0;0;6;0;61;89;7;9;1796;16;6;1;1;1
0;1;2;0;54;159;8;3;990;14;11;1;1;0
0;0;6;0;51;197;3;8;2630;18;8;0;1;1
1;1;13;0;45;175;6;18;1380;10;1;1;0;1
0;1;0;1;58;128;7;2;3487;15;6;1;1;2
0;1;0;0;7;122;3;17;1201;12;3;1;1;1
0;0;4;0;21;113;3;10;3015;6;1;0;0;3
1;1;9;0;43;158;1;11;3204;18;13;0;0;3
0;1;8;1;2;172;6;10;433;10;7;0;0;0
1;0;2;0;49;125;1;10;1906;17;13;1;1;2
1;0;13;1;42;98;7;17;898;16;8;1;0;0
1;1;0;1;61;96;7;8;2799;5;3;0;1;3
0;0;12;0;13;105;7;20;2020;6;0;1;0;2
1;0;3;0;25;86;4;6;770;12;1;1;0;0
0;0;3;0;57;185;6;11;305;11;8;0;1;0
0;0;1;0;42;187;7;2;2953;9;5;1;0;2
1;1;13;1;34;182;7;14;1671;6;1;0;1;1
0;1;0;1;15;138;3;10;2574;12;4;1;1;2
1;1;0;0;35;141;6;9;3772;17;8;1;1;3
0;1;0;0;37;102;2;1;2870;16;0;0;0;3
0;0;0;0;8;195;6;0;2577;9;5;1;0;2
1;0;5;1;18;83;1;7;2246;8;1;1;0;1
1;1;6;1;58;157;1;13;2405;15;0;0;1;2
0;1;16;0;16;168;8;20;3377;5;1;1;1;2
0;1;7;1;43;185;1;18;3619;14;8;1;1;3
1;0;1;1;17;142;2;3;1184;6;2;0;1;1
0;0;5;0;4;96;3;9;2965;15;7;1;0;2
1;1;1;0;45;157;3;9;3713;8;3;0;0;3
1;1;2;0;53;130;2;3;3798;19;10;1;1;3
1;0;0;0;16;165;2;7;1026;13;5;0;1;1
0;1;6;0;5;186;6;18;1086;18;14;0;0;1
0;0;5;1;51;122;4;9;2236;8;7;0;1;2
0;1;8;0;45;185;1;10;1303;12;3;1;1;1
1;1;7;0;63;155;5;18;3048;10;3;0;1;2
0;0;0;1;11;131;3;1;616;15;6;1;1;0
1;0;0;0;12;105;6;10;3764;10;7;1;1;2
0;1;2;1;34;171;3;3;419;7;4;1;1;0
0;1;3;1;58;138;6;20;2858;6;2;1;1;3
1;1;6;1;39;164;4;18;504;14;4;1;0;0
1;0;1;1;49;142;5;4;392;10;5;1;1;0
0;0;0;0;56;129;7;1;820;12;6;0;1;0
1;0;0;0;14;143;8;0;3387;11;3;0;0;3
1;0;7;1;15;144;5;19;3447;14;11;0;1;3
0;0;5;1;7;174;7;10;1403;15;8;1;0;0
1;1;0;0;16;80;2;2;2295;15;11;0;1;2
0;1;1;0;27;197;6;13;1973;10;2;0;1;2
1;0;4;0;30;106;6;5;3755;17;14;0;0;3
0;1;9;1;25;196;2;19;2073;7;1;0;1;1
1;0;7;1;64;163;8;8;3872;9;8;1;0;3
1;0;16;1;23;145;2;17;302;18;5;0;0;0
0;0;0;1;27;121;2;4;1519;18;6;0;1;1
0;0;1;1;50;198;1;2;2549;10;8;1;0;2
0;0;0;0;45;124;7;0;404;18;5;0;1;0
0;0;1;1;63;166;3;2;595;18;4;0;1;0
0;1;2;1;18;160;2;16;1663;14;0;1;1;0
0;0;9;1;58;161;7;10;2764;9;3;1;1;3
1;1;2;1;8;136;1;4;2614;7;0;1;1;2
1;1;0;1;11;83;8;1;1094;10;5;0;0;0
0;0;15;1;11;139;5;16;2826;18;0;0;0;2
0;1;10;0;50;97;7;18;2496;13;6;1;1;2
0;0;6;1;50;181;2;17;2103;19;8;0;0;1
0;1;11;0;14;146;1;15;966;5;0;0;1;0
1;0;5;0;47;110;4;10;2172;17;14;1;1;2
0;0;6;0;56;187;8;17;905;19;10;1;0;0
1;0;7;1;55;124;3;18;3916;8;1;1;0;3
1;1;2;1;42;179;2;10;3902;11;9;0;1;3
0;0;12;1;2;187;1;15;2487;13;12;1;1;2
0;0;8;1;55;188;3;17;3914;17;13;0;0;3
1;0;0;0;46;181;5;1;363;9;5;1;0;0
0;0;1;1;24;199;5;8;3233;13;3;0;1;3
0;1;3;1;38;102;6;15;2532;16;14;0;1;2
0;1;8;1;53;108;6;15;3836;15;3;0;1;3
1;0;4;0;25;92;8;9;3076;7;4;1;1;2
0;0;0;1;56;145;5;3;1513;11;8;1;0;2
1;0;0;0;10;199;7;3;1724;11;2;0;0;1
0;1;0;1;41;144;7;2;542;11;1;1;0;0
1;0;2;1;8;100;7;6;3481;10;8;0;1;3
0;1;3;0;22;153;3;19;3991;15;2;0;0;3
0;0;12;1;20;147;1;17;1790;19;12;0;1;1
0;0;15;0;3;112;1;17;509;19;1;1;1;0
1;1;4;1;52;161;3;16;282;10;9;1;1;0
0;0;2;0;6;198;4;19;3006;6;4;0;0;2
1;1;0;1;19;163;6;2;1913;12;7;1;0;1
1;1;0;0;5;102;5;2;1333;18;0;0;1;2
0;1;3;0;21;114;3;18;3746;10;0;0;0;3
0;0;5;1;10;163;2;9;3941;6;2;1;1;3
0;0;4;1;10;196;1;18;3970;13;1;0;1;3
1;0;8;0;44;82;7;10;3925;7;6;1;0;3
1;1;4;1;33;108;4;8;424;5;3;1;1;0
0;0;9;0;8;158;5;20;1284;17;13;1;1;0
0;1;0;0;25;145;1;10;277;11;2;0;1;0
1;1;10;0;16;125;1;18;1713;10;3;1;1;1
1;1;0;0;54;198;6;2;485;12;7;1;0;0
1;0;1;0;52;131;1;14;3002;6;5;0;1;2
1;0;0;0;64;97;4;14;418;11;6;1;1;0
0;1;1;0;8;123;7;5;1652;17;4;1;0;1
0;1;7;0;48;168;5;16;2893;8;5;0;1;2
0;1;2;1;57;188;1;14;1406;14;12;0;1;0
0;0;0;1;61;98;3;0;629;5;3;1;0;0
1;1;6;1;30;95;2;10;3724;16;15;1;1;3
0;1;0;0;14;175;7;3;3835;15;8;0;0;3
1;0;0;1;52;130;8;0;1354;15;13;1;1;1
1;0;7;0;25;88;6;19;2376;5;1;0;1;3
0;1;8;0;7;126;3;9;3438;17;12;0;0;3
1;1;15;1;2;150;6;20;2655;12;2;0;1;2
0;0;5;1;33;101;6;8;3361;16;10;0;0;3
0;0;6;1;4;84;7;9;3535;17;0;1;1;3
1;0;4;0;27;124;1;6;2150;9;5;1;1;1
0;0;1;1;43;141;3;8;2587;7;5;0;0;1
1;1;1;0;31;92;2;16;2736;9;1;0;1;3
0;1;2;1;55;83;6;3;676;15;0;0;1;0
1;1;4;0;9;115;7;7;2941;13;12;1;0;3
0;1;0;1;21;126;8;12;3336;6;4;0;1;3
1;0;9;0;33;157;1;18;3796;10;5;1;0;3
1;1;0;0;63;122;5;14;3654;18;8;1;1;3
1;0;15;0;11;93;1;16;2934;8;6;0;1;2
0;0;2;0;30;125;8;5;2889;5;2;0;1;2
0;1;1;1;48;191;1;6;3315;17;7;1;1;3
0;1;5;1;39;152;4;6;1993;9;0;0;0;2
0;1;3;0;35;120;3;6;2509;17;2;1;1;1
0;0;8;1;34;118;2;10;3534;18;17;1;1;3
1;0;3;0;16;169;8;7;2246;14;11;0;0;2
0;0;7;0;51;95;3;9;3165;5;0;0;0;3
0;0;13;0;55;105;7;15;286;14;4;0;1;0
0;1;8;0;32;200;1;16;776;7;6;0;0;0
1;1;13;1;16;134;6;18;3213;15;14;1;0;3
1;0;11;0;38;94;3;18;716;11;4;1;0;0
1;0;10;1;16;98;2;18;424;10;5;1;0;0
0;0;0;1;63;137;7;19;3486;12;8;1;0;3
0;1;5;1;58;163;4;7;3237;19;12;0;1;2
1;1;2;0;41;177;2;10;1944;16;6;0;0;1
1;1;2;1;8;80;6;6;643;14;2;0;0;0
0;0;7;1;10;107;4;12;2317;6;0;1;1;2
0;0;6;1;52;97;8;7;1436;16;1;0;0;1
1;1;0;0;56;173;3;3;3190;5;2;1;1;2
1;0;6;0;21;133;2;11;2338;16;1;1;0;2
1;0;9;0;29;85;8;19;1334;18;7;0;0;1
0;0;2;0;6;127;3;4;3657;17;3;1;0;2
1;0;0;1;15;160;5;7;2080;16;11;0;1;2
0;1;11;0;35;190;7;20;1609;16;11;0;0;0
1;0;0;1;14;89;2;2;3078;10;1;0;1;2
0;0;9;1;35;127;8;14;590;13;2;1;1;0
0;1;3;0;11;129;7;4;2552;19;8;1;1;2
0;0;3;0;34;197;2;15;3355;12;5;0;0;2
1;1;9;1;15;177;7;19;1968;12;7;0;0;2
1;0;3;1;8;170;7;4;3358;7;3;0;0;3
1;1;0;0;2;136;3;7;1539;19;12;0;0;0
1;0;6;1;32;143;4;18;942;16;12;1;1;0
0;1;7;0;9;187;3;10;3669;9;1;0;1;3
1;0;6;1;9;172;2;14;3612;13;5;0;0;3
1;1;10;1;4;170;3;19;2351;8;7;1;0;1
1;1;0;1;64;156;6;0;604;10;4;1;1;0
0;1;2;0;11;187;2;4;1285;5;0;1;0;1
0;0;0;1;13;128;1;0;515;5;0;1;0;0
0;1;1;1;34;184;6;13;654;16;13;0;0;0
0;0;2;0;48;82;5;17;2540;17;2;1;1;3
1;1;5;1;53;161;5;9;3869;17;5;0;1;3
0;1;7;0;18;136;2;11;3412;13;8;0;0;3
0;1;3;1;47;185;5;12;509;12;3;0;0;0
0;0;0;1;21;122;6;6;2547;10;3;1;0;2
1;1;1;1;30;173;3;16;2735;16;15;0;1;2
0;0;1;0;22;139;1;5;1369;9;6;1;1;1
1;1;8;0;39;199;6;13;2942;11;5;1;1;2
1;1;6;0;6;167;7;10;2812;10;1;0;0;2
1;0;13;1;31;153;4;18;3497;9;7;1;0;2
0;1;0;0;50;182;8;1;619;5;3;1;1;0
0;0;8;0;3;200;1;20;3483;17;4;0;0;3
0;0;0;0;36;112;5;1;1475;11;4;0;0;1
0;0;0;0;8;157;1;4;1950;11;2;1;1;1
0;1;4;1;40;198;7;6;3592;7;6;0;0;3
0;1;0;0;58;107;5;1;3573;17;3;1;0;3
0;0;12;1;61;116;2;16;2020;6;0;1;0;1
1;0;5;0;32;92;3;9;1329;6;1;1;0;2
1;1;3;1;49;100;3;11;3568;6;2;0;1;3
1;0;3;0;49;100;1;9;1947;5;4;0;1;2
1;0;4;0;8;158;5;7;1998;12;7;1;0;2
1;0;7;0;34;193;4;17;725;11;3;0;0;0
0;0;0;1;12;190;4;6;3302;11;0;1;1;3
0;0;0;0;46;133;8;17;3884;17;0;1;1;3
1;1;9;1;27;150;6;11;1185;15;4;1;1;0
0;0;10;1;26;105;2;18;1656;5;3;0;1;2
1;0;3;1;53;192;4;11;2870;19;16;0;1;2
0;0;3;0;45;151;3;4;911;14;2;0;0;0
1;0;4;0;17;166;3;19;3892;18;7;1;0;3
1;1;6;1;27;125;1;11;3897;12;10;1;1;3
1;0;5;0;53;87;1;12;656;14;10;0;1;0
0;0;0;1;45;146;3;3;606;7;2;1;1;1
0;0;0;0;30;83;4;0;1653;11;7;0;0;1
0;1;3;0;12;175;4;6;860;14;1;0;1;0
1;1;0;0;10;155;2;14;2197;16;2;1;1;1
0;1;2;1;23;187;2;9;3458;7;5;0;1;2
0;1;1;1;53;101;4;20;2066;12;9;1;1;1
1;1;15;0;36;193;4;20;3676;12;8;0;1;3
0;1;4;1;49;90;1;5;1518;16;11;0;1;1
1;0;4;0;14;198;3;13;1018;17;10;0;0;0
0;0;3;1;35;168;3;4;1360;15;12;0;0;0
0;1;0;1;5;164;7;2;3449;5;2;0;0;3
0;0;0;1;60;162;6;1;2524;13;11;0;0;2
0;1;2;0;30;182;8;15;703;10;8;0;1;0
1;1;0;0;58;200;3;11;1251;13;4;1;1;1
0;0;5;0;8;185;1;20;582;6;4;0;0;0
1;0;0;0;63;102;5;4;1732;8;5;1;1;1
0;1;15;1;48;144;1;16;1252;6;4;1;1;2
1;0;2;1;29;182;1;4;2146;11;10;0;0;1
1;1;13;0;38;126;4;14;1927;17;4;0;1;1
1;0;15;0;13;155;4;16;3328;10;9;1;1;2
1;1;5;0;55;105;7;7;2462;15;7;0;1;2
1;1;0;1;13;168;2;9;1172;12;11;1;1;0
1;0;0;1;27;146;1;1;3598;9;2;0;1;3
0;1;3;0;27;168;3;10;2437;19;2;1;1;2
0;0;3;1;44;138;4;14;3271;14;12;1;0;3
1;0;11;0;9;94;3;12;1511;17;8;0;0;1
0;1;2;1;23;119;3;3;2981;7;3;0;0;2
0;1;2;0;7;113;1;7;3119;9;4;1;0;3
0;0;1;0;34;88;6;2;3647;18;11;0;1;3
1;1;1;0;13;152;8;2;3148;18;7;1;0;2
0;0;5;1;54;130;3;15;2829;11;5;0;1;2
0;0;9;0;46;84;3;16;2373;11;9;1;0;2
0;1;9;1;39;80;8;10;3998;6;3;1;0;3
0;1;0;1;33;95;2;1;316;19;10;0;0;0
1;0;3;1;52;109;7;4;999;16;12;1;0;0
1;0;0;0;7;153;4;2;1808;12;8;1;0;1
1;1;0;1;8;93;3;0;589;18;6;1;0;0
0;0;0;1;46;93;6;0;3317;8;0;1;0;3
1;1;2;1;50;107;8;17;670;16;3;0;0;0
0;1;3;0;42;151;1;16;584;11;9;0;0;0
0;0;2;1;13;166;2;16;2173;12;3;1;0;2
1;0;6;0;41;135;4;15;1561;10;5;0;1;1
1;0;7;1;13;199;2;18;2073;16;7;0;1;1
1;0;0;1;46;102;6;10;1401;19;14;1;0;1
1;0;9;0;38;104;7;16;3764;14;9;0;0;3
1;1;6;1;54;147;5;7;1275;13;7;0;1;0
1;0;0;1;47;157;8;14;1464;17;4;0;1;1
0;1;4;1;57;159;3;16;2885;13;11;1;1;3
0;0;9;1;6;107;8;14;3458;9;4;1;1;3
1;1;1;1;52;101;4;3;3019;11;6;0;1;3
0;0;3;0;36;109;1;14;1083;6;4;0;0;1
0;1;3;0;33;147;1;13;3538;18;1;0;1;3
0;1;7;0;7;149;2;9;2493;14;12;1;1;2
1;1;2;1;61;134;6;6;3726;8;5;0;0;3
0;1;4;0;7;184;1;6;1531;12;0;0;0;1
1;0;4;1;55;148;7;8;601;7;5;0;0;1
0;1;4;0;8;91;5;19;2991;8;7;0;1;2
0;1;1;0;19;134;8;17;3912;11;2;1;1;3
1;0;0;0;34;115;2;0;309;8;4;0;1;0
0;1;0;1;13;155;8;0;323;9;3;1;1;0
0;1;7;0;46;191;1;10;1489;10;9;1;1;1
1;0;7;1;38;162;3;11;1322;9;2;0;0;1
0;1;5;1;14;102;8;9;1846;7;0;0;1;1
0;1;5;1;52;122;2;10;417;8;0;0;1;0
0;0;6;1;52;84;4;12;3269;19;6;1;0;3
1;1;1;0;30;138;1;12;3731;17;13;0;0;2
1;1;0;0;54;95;4;11;667;17;8;0;0;0
1;0;0;1;47;94;1;18;1241;12;3;0;1;1
0;0;0;1;23;101;6;11;3941;19;6;0;0;3
1;0;4;1;58;132;5;14;1018;17;1;0;0;0
0;0;4;0;59;86;2;6;3142;19;3;1;1;3
1;1;3;1;47;89;5;9;1444;7;4;0;0;1
0;0;11;0;34;89;1;14;934;16;10;1;0;0
1;1;0;1;58;100;8;0;3863;17;12;1;1;3
0;1;2;1;44;99;3;3;3506;14;5;1;0;3
1;0;2;0;19;164;7;9;1944;9;4;1;0;1
1;1;0;1;11;90;4;0;348;14;9;0;1;0
0;1;9;0;51;124;4;15;550;12;8;1;0;0
0;1;5;1;20;104;7;17;971;11;10;0;0;0
0;0;0;1;21;170;7;0;3984;17;14;1;1;3
1;1;4;1;45;104;5;6;2973;17;8;0;1;3
1;0;10;0;11;82;5;14;2019;10;4;1;1;1
1;1;13;0;19;146;7;19;1587;9;4;0;0;1
1;1;13;0;48;187;7;18;1870;17;2;0;0;1
0;1;5;0;27;91;4;16;1352;5;1;1;0;1
1;0;11;0;3;91;6;15;570;7;6;1;0;0
0;0;14;0;43;177;6;15;546;12;6;1;1;0
0;1;5;0;49;193;3;20;3624;12;11;1;0;3
0;1;2;1;10;188;2;9;2944;8;6;1;1;2
0;1;0;1;19;197;8;9;1209;19;12;1;0;0
1;1;1;1;29;141;6;12;2752;15;2;1;1;3
1;0;3;0;20;188;6;5;3868;5;1;1;1;3
0;0;2;1;28;132;5;3;3087;16;4;1;1;2
0;1;5;0;57;124;2;12;947;11;4;1;1;0
1;1;12;0;50;175;3;16;1484;9;7;0;0;0
1;1;3;0;46;87;7;12;347;17;0;0;1;0
1;0;15;0;53;131;8;19;3227;12;6;0;0;2
1;0;0;0;58;104;5;1;3299;13;4;0;1;3
0;1;11;0;13;159;1;15;1028;8;4;0;0;0
1;0;16;1;34;157;2;17;714;18;2;0;1;1
0;1;2;0;31;173;8;6;2641;8;2;0;0;3
0;0;4;0;51;158;5;7;1229;12;0;0;0;1
0;0;5;0;19;173;4;17;2622;16;3;0;1;2
0;1;7;0;6;100;2;10;929;13;6;1;1;0
1;0;0;1;53;135;3;0;1211;15;10;0;1;0
0;0;0;0;53;186;6;0;1653;7;5;0;0;2
0;1;3;1;33;111;2;19;511;9;0;1;0;0
0;0;4;0;52;167;4;19;3034;13;6;0;0;2
1;0;0;1;54;172;7;15;1414;6;1;0;1;0
0;0;1;1;28;139;1;7;2438;13;11;1;1;3
1;0;12;0;63;179;8;18;3744;11;1;0;1;3
0;1;3;1;64;162;4;20;1377;5;3;1;1;1
0;1;0;1;23;164;4;1;3520;7;4;0;0;3
0;1;1;0;59;97;4;3;3796;17;10;1;1;3
0;0;13;1;61;146;3;20;1699;17;10;1;1;1
0;0;7;0;58;90;3;16;336;14;8;1;1;0
1;0;9;0;55;156;5;10;1095;14;12;1;0;0
1;1;13;0;49;99;3;17;325;9;1;0;1;0
0;0;1;1;53;146;4;2;1223;19;12;0;0;0
0;1;7;0;37;199;2;12;1649;6;1;1;0;1
1;0;0;1;4;160;2;0;1898;12;4;1;0;1
1;1;0;1;38;159;5;0;2609;12;11;0;0;2
1;1;6;0;18;167;1;7;2265;5;3;1;1;2
1;1;3;0;43;87;6;10;2775;9;4;1;1;2
0;0;8;1;12;113;7;17;1445;17;16;1;1;1
1;0;0;0;41;132;4;1;2614;5;4;0;0;2
1;0;7;0;57;145;7;11;356;5;3;0;0;0
0;0;1;0;13;97;3;2;523;5;0;1;1;0
0;1;0;0;57;131;7;3;3745;17;1;1;0;3
0;0;1;1;60;199;2;13;1229;6;0;1;1;0
0;0;0;0;28;184;3;4;1402;14;10;1;0;1
1;1;2;1;46;172;5;14;2085;13;5;0;0;1
0;0;12;1;14;156;7;14;587;8;3;1;1;0
0;0;2;1;63;85;7;8;2457;19;13;0;1;3
0;1;0;1;52;89;3;7;2030;7;0;0;0;2
0;1;5;1;18;135;2;14;816;16;2;0;0;0
1;1;3;0;39;150;7;14;1667;10;0;0;0;1
0;0;10;0;63;189;7;14;2958;17;1;1;0;2
0;0;4;0;5;154;5;13;3705;6;4;0;0;3
0;0;1;0;30;162;8;5;2800;11;6;1;1;2
1;0;1;0;7;165;7;9;3773;11;9;1;1;3
1;1;3;1;22;88;1;5;2050;7;2;1;0;1
0;1;0;1;21;88;1;7;1754;17;11;0;1;1
0;0;3;1;35;103;3;7;1904;12;8;1;1;1
0;1;1;0;37;154;5;4;2705;17;3;1;0;1
1;0;1;1;3;102;8;7;3537;16;13;0;1;3
0;1;11;0;27;154;5;13;1370;16;3;0;1;1
1;1;0;0;19;137;2;3;1222;13;2;0;0;1
0;1;1;0;64;106;4;7;3102;6;0;0;0;2
1;0;0;1;33;160;6;0;2268;7;5;1;0;2
0;0;9;1;18;187;8;12;2648;7;5;1;1;1
0;1;0;1;16;175;8;11;2173;7;3;1;0;2
1;0;3;0;32;151;4;6;3162;19;18;0;0;3
1;1;4;0;28;124;1;5;1368;14;5;0;1;1
1;0;16;1;51;111;1;17;2746;10;4;0;1;2
0;1;5;0;18;191;6;20;619;7;4;1;1;0
0;1;3;0;17;89;6;6;724;17;3;0;1;1
1;0;7;0;42;111;3;8;912;16;9;1;0;0
0;0;6;0;23;123;6;19;2784;12;6;1;1;3
1;0;5;1;23;92;6;7;793;7;3;1;0;0
1;0;4;0;45;197;1;5;560;9;1;1;0;0
0;0;1;0;27;137;4;20;312;5;2;0;1;0
1;0;2;0;41;88;7;18;545;12;0;1;1;0
0;1;1;0;60;197;7;12;1591;19;0;0;1;1
0;0;0;1;31;86;7;1;2746;15;5;1;0;3
1;0;13;0;8;198;3;14;893;9;6;1;0;0
1;0;0;1;62;128;6;0;2514;16;12;1;1;1
0;1;3;1;10;144;1;12;1032;10;0;1;1;1
0;1;0;1;39;91;5;7;819;8;0;1;1;0
0;1;8;0;59;111;3;16;3672;15;2;0;1;3
1;1;0;0;24;156;6;0;3833;14;13;1;0;3
1;1;1;0;23;179;8;3;1482;15;7;1;0;2
0;0;3;0;14;105;5;4;2043;7;5;0;0;1
1;0;1;0;40;118;6;2;1229;16;11;1;0;0
1;1;7;0;33;129;4;13;1816;17;16;0;1;1
0;0;11;0;37;126;7;20;2166;10;1;0;0;2
0;1;0;0;14;104;5;1;2469;18;6;1;1;2
1;0;1;1;55;140;5;3;2575;13;10;1;1;2
0;0;0;1;30;152;1;13;1375;15;3;0;0;1
0;0;8;0;55;146;3;15;1732;6;2;0;1;1
1;1;6;1;4;105;3;12;673;10;3;0;0;0
0;0;9;1;18;162;2;14;2301;15;9;0;0;1
1;0;2;0;30;105;5;3;2676;17;8;0;0;2
1;0;8;1;58;136;2;10;1781;18;3;0;0;2
1;0;0;1;58;123;4;15;2248;16;8;0;0;2
1;1;3;0;62;90;4;13;921;14;13;0;0;0
1;0;0;0;2;89;3;2;391;5;2;1;1;0
1;1;1;1;10;185;7;14;1719;19;3;1;1;1
0;0;6;1;35;159;5;16;3262;16;15;0;0;3
0;1;2;1;35;194;2;3;1947;15;13;1;1;1
1;0;4;0;61;130;7;9;2693;8;3;1;1;3
0;0;0;1;60;90;4;0;441;15;1;1;0;0
0;0;1;0;14;178;5;13;1886;19;11;1;1;0
1;1;13;1;32;174;1;20;1267;17;4;1;0;1
1;0;4;0;57;186;3;7;687;6;0;1;1;0
1;1;2;0;12;105;1;13;2890;17;1;0;0;3
1;1;4;1;55;124;1;12;1737;8;5;0;1;1
1;1;11;0;47;138;2;13;887;18;6;0;0;0
0;0;1;0;18;86;7;2;398;16;8;1;1;0
0;1;0;0;46;138;7;1;2389;7;3;0;1;2
0;0;3;0;45;161;1;9;3431;15;6;1;1;3
0;0;1;0;43;182;2;11;3601;14;4;0;0;3
1;1;5;0;35;102;8;10;2459;14;1;1;0;1
1;1;0;1;59;148;6;0;3230;6;1;1;0;3
0;1;1;0;57;188;2;5;3646;15;4;1;1;3
1;1;0;0;36;107;8;1;2200;18;14;1;0;1
1;1;1;0;64;88;2;7;3862;17;10;0;0;3
1;1;14;0;22;174;6;20;3077;17;3;0;0;2
1;1;2;1;44;139;2;9;621;11;4;1;1;0
0;1;11;1;58;80;8;19;2372;14;12;1;0;2
1;1;0;1;63;138;2;1;2574;14;3;1;0;2
0;0;11;1;46;158;4;17;2857;17;14;1;1;3
0;0;8;0;16;153;8;10;3143;17;12;1;0;3
0;1;15;1;35;173;5;20;3197;14;9;0;1;3
0;0;4;1;41;144;8;5;2727;15;8;0;0;3
1;1;1;0;12;186;1;6;1519;9;4;0;1;1
1;1;9;1;9;131;3;11;2438;14;2;0;0;2
1;0;4;0;54;107;3;9;2674;9;3;0;1;2
1;1;1;1;50;97;5;13;2107;13;12;0;0;1
0;0;8;0;16;143;1;14;2262;16;15;1;0;2
0;1;13;0;5;179;8;18;815;16;6;1;1;0
1;1;0;1;52;105;7;9;2829;13;10;1;1;2
1;1;2;0;31;151;1;17;3022;13;5;0;1;3
1;0;2;1;62;134;8;9;2573;16;12;0;1;2
1;1;0;0;10;174;4;1;2678;16;5;0;1;2
1;1;3;1;55;129;5;6;1282;11;9;1;1;1
1;1;2;0;9;155;8;16;568;12;11;0;0;0
0;0;1;0;14;190;1;3;2074;8;1;1;0;1
0;1;1;0;8;130;2;3;2227;9;2;0;1;1
0;1;1;0;60;83;2;3;1080;10;0;0;1;0
1;0;2;0;10;200;6;6;2867;5;4;1;0;2
0;0;10;0;55;86;6;12;1075;12;11;1;0;0
0;1;3;0;43;153;5;6;3063;17;13;1;0;2
0;0;3;0;24;86;4;4;2479;9;2;1;0;2
1;0;10;0;56;196;3;17;2394;19;11;1;0;2
1;1;10;1;31;112;3;11;2814;13;3;0;0;2
0;0;1;1;51;140;7;2;2094;8;0;0;0;1
0;1;0;1;2;182;4;0;2315;10;1;1;0;2
0;1;5;1;14;154;4;6;2519;13;0;0;1;2
1;1;3;1;12;198;6;11;735;7;6;0;1;0
1;0;0;1;32;131;7;1;1891;19;13;0;1;1
0;1;0;1;44;118;6;1;1386;7;1;1;1;1
0;1;9;1;46;135;1;14;3260;14;12;0;0;2
1;0;11;1;35;103;3;13;2022;14;11;0;1;1
1;1;2;0;2;102;8;14;1716;7;5;0;0;1
0;1;2;1;38;116;5;6;3317;7;1;1;1;3
0;1;1;0;20;192;7;3;1454;11;3;1;0;0
1;1;0;1;49;101;4;1;2290;13;0;1;0;1
0;0;2;0;61;172;5;3;3940;17;11;1;1;3
1;0;0;0;50;148;8;15;461;17;4;0;1;0
0;0;10;1;21;160;7;15;2219;15;6;0;1;2
0;1;0;0;40;178;3;0;470;6;0;0;0;0
0;0;13;1;28;80;8;18;2495;10;0;1;1;2
0;0;0;0;29;146;7;2;2944;8;7;1;1;2
0;1;8;0;59;159;3;9;2361;16;11;0;1;2
1;0;11;0;16;186;8;12;1783;17;3;0;1;2
1;1;8;1;40;170;3;13;2832;13;7;1;1;2
1;0;9;1;42;182;6;17;931;11;5;1;0;0
1;1;0;1;27;167;4;1;1344;17;10;0;0;0
0;0;0;1;9;127;2;0;3916;13;1;0;1;2
1;0;8;0;44;182;7;20;1882;14;1;0;0;1
1;0;9;1;51;104;5;12;2865;11;6;1;1;2
1;0;12;0;15;112;8;14;757;12;2;1;1;0
0;1;4;0;51;85;6;12;3469;5;4;0;1;3
1;1;2;1;57;88;3;7;2399;18;15;1;1;1
1;1;0;1;18;136;2;1;3300;12;10;0;0;3
1;1;2;0;3;84;2;9;2719;19;2;1;1;2
0;1;3;0;47;115;7;12;3012;14;4;0;0;2
0;1;12;1;14;187;4;15;2836;6;5;0;0;3
1;1;2;1;11;121;2;9;2385;11;7;0;0;2
1;1;9;0;30;97;3;10;594;12;0;1;1;0
0;0;0;1;7;104;4;1;2968;9;0;1;0;3
1;1;0;1;24;146;6;0;3762;12;10;0;0;3
0;1;0;0;2;161;1;1;892;15;13;1;0;1
0;0;11;1;13;81;8;15;467;17;11;1;1;0
0;0;0;1;62;158;1;0;345;10;6;0;0;0
1;0;0;1;40;116;7;1;3033;9;8;1;1;3
0;0;0;1;9;150;6;2;2110;9;5;0;1;2
1;0;11;0;56;125;8;13;3105;14;8;1;1;2
1;0;5;0;62;156;6;7;874;15;3;1;0;0
1;1;7;1;39;188;7;11;3681;19;3;1;1;3
0;1;1;1;52;180;2;10;3865;8;3;0;1;2
1;1;10;0;11;167;3;14;737;14;4;1;0;0
1;1;12;1;10;170;7;18;3153;8;2;1;0;3
1;0;4;1;37;147;1;8;2800;8;6;0;1;2
0;1;0;0;27;101;1;8;315;14;5;1;0;0
0;1;2;0;60;187;8;6;1412;13;1;1;1;1
1;1;7;1;2;115;7;15;2286;19;8;0;0;2
0;1;16;0;34;140;2;17;2392;17;15;0;1;2
1;1;0;0;49;185;2;2;1857;8;4;1;1;1
0;0;0;0;26;116;7;1;1419;10;6;1;1;0
0;0;2;1;58;123;2;3;3305;12;7;0;0;2
0;0;1;0;32;88;6;20;959;17;7;1;0;0
1;1;0;0;35;105;3;0;2635;17;16;0;1;2
0;1;0;1;45;194;5;1;1754;17;7;0;1;1
0;0;6;1;57;84;3;12;2563;18;4;0;0;2
0;1;11;1;41;96;4;20;1936;7;0;1;1;1
0;1;2;1;22;196;8;14;1869;8;5;1;1;1
1;1;0;0;50;186;5;2;3637;11;7;0;1;3
0;0;2;0;20;142;3;8;896;17;6;0;0;0
1;0;13;1;51;132;3;15;2349;10;1;0;1;1
0;0;2;1;5;134;1;11;774;15;4;1;0;1
1;1;0;1;58;168;3;10;3397;7;6;0;0;2
1;0;7;1;2;181;8;9;485;10;6;1;1;0
0;0;10;1;24;148;4;15;3964;13;8;1;0;3
0;0;1;0;11;181;4;7;1887;8;5;1;1;1
0;0;8;0;32;107;3;11;2977;6;1;1;1;2
0;1;3;1;56;185;7;4;2114;10;5;1;1;2
0;1;1;1;29;123;2;20;1542;17;9;0;1;1
1;0;5;1;57;181;8;12;3038;15;7;0;1;3
1;0;5;0;51;163;7;10;2481;11;9;0;0;2
0;1;3;1;9;140;3;20;841;18;15;0;0;0
1;1;0;0;24;135;4;5;3565;12;11;0;1;2
1;0;0;0;5;146;6;3;1958;9;6;1;1;2
0;0;2;0;27;87;8;5;2454;14;0;1;1;2
1;0;7;1;37;172;1;9;3392;12;8;1;1;3
0;0;0;1;56;184;3;1;262;14;4;1;0;0
0;1;6;1;6;194;4;9;530;8;4;0;1;0
1;1;3;0;35;126;3;16;3703;13;1;0;1;3
1;0;2;1;55;109;1;7;2562;5;1;0;0;2
1;1;0;1;64;161;1;3;574;10;2;1;0;1
0;0;4;0;16;130;4;8;2632;7;1;0;1;2
0;1;5;1;20;173;2;6;259;12;6;1;1;0
1;1;4;0;10;198;1;5;688;10;7;1;0;0
1;1;5;0;36;145;6;6;2554;19;1;1;0;2
1;1;0;0;61;88;1;6;3859;11;10;1;0;3
1;0;9;1;62;170;5;13;2977;15;12;1;1;2
1;1;0;0;40;186;7;19;571;8;7;1;0;0
1;1;5;1;55;86;7;7;402;14;7;0;1;0
1;0;2;1;32;114;5;3;878;16;5;1;1;0
1;0;4;1;4;85;1;19;2130;8;3;1;0;2
0;0;0;0;39;146;2;9;3260;13;1;0;1;3
1;1;2;1;7;88;8;4;454;11;8;1;0;0
0;0;7;1;35;152;7;19;2638;19;16;1;1;2
1;1;11;1;24;156;8;17;2819;16;13;0;1;2
1;0;5;1;50;144;4;20;1464;7;3;1;1;1
0;0;10;0;59;113;6;13;1824;11;9;1;0;1
1;1;0;0;47;139;8;15;876;16;0;1;0;1
1;0;1;1;21;164;7;9;2706;7;5;1;0;2
1;1;0;0;20;126;2;0;659;14;9;1;1;1
0;0;0;1;29;124;5;9;455;9;2;0;1;0
1;1;2;0;54;163;2;10;2378;17;11;0;0;2
0;1;1;1;41;103;1;14;2278;15;3;1;0;1
0;1;2;0;43;113;5;3;3436;16;13;1;1;3
1;0;1;1;31;88;6;2;3424;19;2;1;0;3
0;1;1;0;49;99;6;3;401;5;0;0;1;0
0;0;6;0;52;126;2;20;681;19;18;1;1;0
0;0;5;1;6;136;6;8;3212;15;7;0;1;2
0;0;4;0;13;185;6;12;3105;7;1;0;0;3
1;1;0;0;52;105;6;0;2036;5;1;1;0;1
1;1;14;0;49;139;7;18;3153;16;15;1;0;3
0;1;5;0;7;101;4;6;1642;9;4;1;1;1
0;0;0;0;60;181;1;17;509;15;12;0;0;0
0;1;1;1;20;172;8;10;3465;16;11;1;0;3
1;0;8;1;27;153;7;12;3900;18;16;0;1;3
0;0;1;0;12;123;1;11;1105;7;6;1;1;0
0;0;1;1;39;84;1;5;2064;13;7;0;0;1
1;1;1;1;13;131;1;4;3117;19;6;0;1;3
0;0;13;1;7;96;3;18;1142;13;9;0;1;1
0;1;3;1;4;111;1;4;1060;12;10;1;1;1
1;0;4;1;19;143;2;5;2381;14;1;0;0;2
0;1;1;1;54;134;3;2;3366;7;3;0;1;3
0;0;7;0;42;126;6;17;1339;17;0;0;1;0
1;1;0;1;31;87;4;10;2560;7;3;0;0;3
0;1;1;1;25;91;2;8;285;19;7;0;1;0
1;1;3;1;12;131;7;17;2476;17;1;0;0;1
0;0;4;1;46;118;1;5;1862;16;9;0;1;1
1;1;4;1;6;170;1;15;3488;6;4;1;1;3
0;1;10;1;8;142;8;14;3178;9;7;0;1;2
0;0;2;0;37;156;8;3;733;15;0;1;0;0
0;0;2;0;23;110;7;7;756;14;5;0;0;0
0;0;12;0;58;170;1;13;3622;17;2;1;1;3
0;0;4;1;12;174;5;16;1277;14;9;0;0;1
0;0;5;1;6;158;6;8;3703;13;10;1;0;3
1;0;4;1;10;81;6;6;1905;16;3;1;1;1
0;1;5;1;15;178;6;8;2636;12;2;1;0;2
0;0;2;1;12;158;5;6;2014;11;9;0;0;2
1;0;0;1;9;100;2;1;3056;18;16;0;0;3
1;0;0;1;19;168;3;0;465;12;8;1;0;0
1;1;1;1;49;141;6;13;3869;16;14;1;1;3
1;1;10;1;28;165;5;15;1108;12;1;0;1;1
1;1;7;0;58;130;5;8;1906;14;5;0;0;1
1;1;6;1;46;84;4;11;851;8;4;1;1;0
1;0;10;1;60;172;7;14;3142;11;4;0;1;3
0;0;0;1;31;125;4;0;1300;14;7;0;1;0
0;0;7;0;36;177;5;9;1430;8;6;0;0;2
1;0;1;1;59;146;8;4;362;16;10;1;1;0
0;1;10;0;56;95;1;19;2456;13;0;1;1;2
0;0;0;1;44;137;8;0;2360;7;4;0;0;2
0;1;1;0;42;133;7;11;3700;10;0;1;0;3
0;1;10;0;2;153;7;20;2620;7;5;0;0;2
0;0;2;0;52;178;3;3;437;14;7;0;0;0
0;0;5;1;6;164;2;19;3774;11;5;0;0;3
1;0;1;0;19;192;2;9;1218;15;10;1;0;1
0;0;5;0;5;162;5;16;696;14;12;1;1;0
0;1;2;1;33;198;2;17;3407;12;1;0;0;3
1;1;1;0;58;86;7;13;3902;9;3;0;0;3
1;1;5;1;30;80;8;7;2086;10;0;1;1;1
1;0;2;1;42;84;3;10;1356;15;9;0;1;1
0;1;7;1;26;177;5;11;1704;6;5;1;1;0
1;1;0;1;6;85;3;9;3571;16;1;1;1;3
1;0;2;1;5;129;5;11;2132;18;15;0;1;1
1;1;0;1;44;103;4;5;3209;13;11;1;1;3
1;1;3;1;23;156;1;9;2096;13;6;0;0;1
1;0;0;1;6;198;4;0;1273;19;0;0;0;1
1;1;3;1;27;112;5;10;3623;9;4;1;0;2
1;0;5;1;41;131;2;17;368;5;1;0;0;0
0;1;1;0;32;135;3;8;854;8;2;0;1;1
0;0;0;1;59;136;6;0;3646;10;9;0;1;3
0;1;13;1;17;157;4;18;3130;12;4;0;1;3
1;1;3;1;5;152;1;9;3784;13;4;1;0;3
1;0;9;0;17;124;7;17;3885;11;0;1;0;3
1;0;6;1;13;121;7;7;1494;18;10;1;1;1
1;0;4;1;29;149;5;13;2973;11;1;1;1;3
0;0;7;0;20;185;6;14;1471;13;4;1;0;0
0;0;6;0;27;86;2;11;2001;11;10;1;1;1
1;1;0;1;42;123;5;0;1486;15;3;0;0;1
0;0;3;0;47;182;3;6;1321;7;2;1;1;0
1;0;2;0;17;95;8;4;1877;18;2;0;1;1
0;0;14;0;22;173;5;20;3499;11;7;1;1;3
1;1;0;1;39;142;1;0;2124;6;0;1;0;1
1;1;15;0;60;82;3;18;1221;18;12;0;1;1
1;0;1;0;29;194;8;20;2316;19;2;0;1;2
0;1;5;1;16;170;4;6;1068;6;0;1;0;1
0;1;3;1;24;94;4;7;1930;13;12;0;1;1
0;0;9;0;14;196;7;18;1316;8;1;1;0;1
0;1;8;0;47;130;8;9;1742;18;12;0;0;1
1;1;5;1;34;125;8;13;3265;14;7;0;0;2
1;0;4;1;5;98;4;16;2700;13;7;1;1;2
0;0;3;0;36;104;4;8;2115;8;7;0;0;2
0;1;7;0;12;178;2;19;3915;9;7;0;1;3
1;0;0;1;16;94;8;1;3144;16;2;0;0;3
0;0;3;1;58;150;7;8;1571;17;16;0;0;2
0;0;12;0;44;131;5;13;2253;10;8;0;0;1
0;1;9;0;10;145;6;12;1433;6;1;0;0;1
0;1;2;1;42;128;5;18;2583;15;2;1;1;2
0;0;8;0;42;151;5;9;1817;6;1;0;0;1
1;0;1;1;51;144;2;15;2915;17;1;1;1;2
1;1;0;1;18;178;8;1;3340;8;0;1;1;3
0;1;5;1;7;168;7;19;2790;19;11;1;0;2
1;1;0;1;14;191;4;1;577;14;12;1;0;0
1;1;0;1;14;173;2;4;3220;17;2;1;0;3
0;1;8;1;26;150;1;12;3488;14;3;1;0;3
0;1;12;1;14;92;4;15;1277;9;6;0;1;1
1;1;7;0;2;148;2;15;3593;14;9;1;0;2
0;1;0;1;42;124;8;1;2736;12;5;1;0;3
1;0;8;0;31;196;8;19;2311;17;9;1;0;2
1;0;0;1;63;109;8;9;1464;7;6;1;1;1
0;0;7;0;9;192;2;12;1355;6;1;1;0;1
1;1;0;0;40;123;2;1;2382;6;4;0;1;2
1;1;9;0;57;111;4;20;1886;16;0;0;1;1
1;1;2;1;31;145;5;9;832;7;3;0;0;1
0;1;9;1;28;151;6;16;751;19;11;0;1;0
1;1;0;1;27;113;5;7;436;10;8;0;0;0
0;1;1;1;42;82;1;13;722;6;5;1;0;0
0;0;2;0;12;114;1;8;1075;7;3;1;0;0
0;1;4;0;39;161;4;6;2802;8;0;1;0;2
0;1;0;1;11;188;2;15;1780;12;10;0;0;1
0;0;8;1;14;197;4;16;1247;19;16;0;0;1
1;1;8;1;62;117;8;9;3066;11;2;1;0;2
1;0;4;0;51;200;8;17;403;11;2;0;0;0
0;1;2;1;23;192;5;17;2518;19;12;1;0;2
0;0;0;1;15;168;2;0;1069;18;6;0;0;0
1;1;3;1;6;169;4;11;2651;14;8;0;1;2
1;1;2;1;40;99;7;6;2974;15;12;0;1;2
1;1;3;0;52;100;5;8;657;7;3;1;0;0
1;1;1;1;32;103;2;2;3372;18;13;1;0;3
1;1;0;1;63;93;5;2;1464;15;9;1;0;1
0;1;1;0;24;86;4;2;1326;7;4;1;0;0
0;0;0;0;49;199;4;5;3393;6;5;0;0;3
0;1;0;1;57;135;2;0;323;17;3;0;1;0
0;0;2;0;62;106;1;8;1628;9;3;1;0;1
0;0;0;0;33;132;8;2;2610;8;3;1;0;3
1;1;7;0;56;179;4;10;3721;16;11;1;1;3
0;1;1;0;50;100;8;8;763;17;1;1;1;0
0;1;12;0;10;184;3;19;792;17;12;0;1;0
1;0;6;0;2;133;5;20;1568;14;0;0;0;1
1;0;0;0;29;182;4;2;1276;19;4;1;0;1
1;1;9;0;52;90;4;19;3472;10;4;1;1;3
1;1;18;1;17;160;4;20;2520;8;2;0;1;2
0;0;3;1;63;111;2;10;3423;13;3;0;0;3
0;1;6;0;52;120;6;10;258;14;8;0;0;0
1;0;1;1;42;106;5;3;1868;16;7;0;0;2
0;1;15;0;14;197;3;19;2171;19;8;0;1;1
1;1;4;0;28;182;5;8;780;11;10;0;0;0
1;1;0;0;6;103;1;1;712;17;5;0;0;0
0;1;0;1;30;160;8;1;1012;7;4;1;1;0
1;0;8;0;28;166;4;9;318;11;10;0;0;0
0;0;6;1;26;137;6;8;3948;18;11;1;1;3
0;1;2;1;14;99;8;6;629;16;15;0;0;0
0;1;0;1;29;157;7;1;1161;11;8;0;0;0
0;0;7;1;35;99;8;17;1403;16;7;0;0;0
1;0;0;1;13;133;4;8;3707;19;3;1;0;3
0;0;6;1;55;124;8;7;1305;6;5;0;1;0
0;1;6;0;18;119;4;7;2926;17;13;1;1;2
1;0;5;1;27;144;3;18;2674;7;2;0;1;2
0;0;3;0;40;184;2;5;471;8;4;0;1;0
1;1;3;0;21;95;8;7;1724;12;10;0;1;1
1;1;18;0;60;171;4;20;1220;9;3;1;0;1
0;0;1;1;63;111;2;10;2754;19;10;1;1;2
1;1;1;1;33;110;5;4;594;17;8;0;1;0
0;1;7;1;54;101;2;9;1005;12;2;0;1;0
0;1;0;1;14;115;1;7;2439;6;3;1;1;1
1;0;1;0;30;145;4;2;2302;12;10;1;1;1
0;0;6;1;15;81;2;17;1083;16;11;1;0;0
1;0;6;1;10;109;8;15;2219;9;3;1;1;2
1;0;2;0;32;126;7;5;1571;12;3;0;0;2
1;0;10;1;15;101;4;13;2107;18;5;1;0;2
0;1;18;0;2;100;5;19;593;9;4;1;1;0
1;0;0;0;50;119;8;18;857;12;4;1;0;1
0;0;1;0;44;95;5;2;3518;16;12;1;1;3
0;1;2;0;58;160;4;4;1284;17;7;0;1;0
0;1;4;0;19;147;6;7;545;19;18;0;0;0
0;1;4;1;6;149;6;10;3566;9;5;0;1;2
0;0;1;0;34;173;1;4;2821;13;5;0;1;2
0;0;3;1;59;183;7;5;3442;18;16;1;0;3
0;0;5;1;6;92;6;9;1309;12;1;0;0;1
0;1;1;0;19;88;6;9;1179;10;3;0;1;1
0;1;8;0;37;80;8;20;1713;16;0;0;0;1
0;1;0;0;9;169;3;1;1663;9;3;0;1;1
0;1;11;0;10;81;8;19;1812;5;0;1;1;2
1;0;9;0;41;172;4;19;1384;19;9;1;1;1
1;1;1;1;44;172;8;4;1348;11;6;1;1;1
1;1;0;1;27;80;4;6;3957;17;15;0;0;3
0;0;9;1;14;180;8;13;1212;12;8;0;0;0
0;0;0;1;24;151;8;2;3925;8;1;1;1;3
1;1;0;0;32;115;6;0;348;17;11;0;1;0
1;0;9;0;40;109;5;20;1382;12;7;1;0;1
1;1;5;0;18;141;2;8;980;13;7;0;1;0
0;1;1;0;16;154;3;9;838;14;2;1;0;0
0;0;8;1;31;91;3;20;378;11;6;1;0;0
0;1;4;1;22;135;4;8;909;18;4;0;1;0
1;0;2;1;13;92;4;19;3632;17;8;1;0;3
1;0;0;1;64;186;8;1;3396;5;3;0;0;2
0;1;5;0;53;196;5;7;1861;13;10;1;0;1
1;0;0;1;27;90;6;1;348;7;5;1;1;0
1;0;7;0;13;98;4;12;2528;11;8;0;0;2
0;1;7;1;5;169;8;10;2190;16;10;1;0;1
1;1;6;0;6;190;8;8;663;12;4;1;1;0
0;1;16;1;11;185;6;18;961;10;7;0;1;0
0;0;0;1;44;113;4;2;1280;8;1;0;1;1
0;0;9;0;50;141;8;18;2189;7;5;1;0;2
1;0;3;1;55;140;3;8;531;18;10;1;1;0
1;1;0;1;12;121;4;3;2331;18;12;0;1;1
0;0;1;0;31;114;5;4;794;11;5;1;1;1
0;0;1;0;50;173;1;8;2644;7;2;1;1;2
1;0;5;1;22;198;1;8;1666;15;4;1;1;1
1;0;0;1;57;159;4;0;2157;8;6;0;0;1
0;0;16;0;44;151;1;20;1196;10;6;0;1;1
0;1;6;0;33;150;6;7;2072;10;8;1;0;2
0;0;10;1;42;91;1;20;1590;12;0;0;0;1
0;1;3;0;11;190;8;12;2916;16;11;1;1;3
0;1;7;0;31;120;2;10;3707;5;1;0;1;3
1;0;1;1;10;198;6;5;726;11;4;1;0;0
1;0;4;0;44;184;2;11;3577;17;7;1;0;3
0;1;11;0;28;158;6;13;2627;18;3;0;1;2
1;0;0;1;20;146;4;9;685;15;11;1;1;0
0;0;0;0;33;110;6;10;1693;6;2;1;0;1
1;1;3;1;40;175;6;7;2137;11;8;0;1;2
1;1;4;1;10;153;8;20;3696;9;0;0;1;3
1;0;0;1;33;89;3;2;3771;10;3;0;1;3
0;0;0;1;40;94;4;20;1342;16;11;1;1;0
1;0;0;1;20;148;3;0;1379;17;1;0;1;1
1;1;5;1;11;197;3;6;1164;15;12;1;0;1
0;1;1;0;63;88;1;20;908;18;13;0;1;1
0;0;0;1;10;127;4;0;1019;19;9;1;0;1
1;0;14;0;29;113;6;20;3685;13;1;0;0;3
0;1;2;1;5;98;1;13;1470;12;0;0;0;1
0;0;6;0;2;189;1;11;2299;19;9;1;1;2
1;0;0;0;39;151;8;1;999;6;2;1;0;0
1;0;0;1;44;149;1;10;3011;7;4;1;0;2
1;1;2;1;54;117;1;11;3142;13;0;0;1;3
0;0;8;0;12;114;6;20;1543;7;5;1;0;1
0;0;7;1;40;99;4;11;3692;13;0;1;0;3
0;0;0;1;31;145;6;14;2753;13;7;0;1;1
0;1;1;0;50;158;2;8;2156;13;6;1;1;1
1;0;11;0;9;150;5;15;2637;8;4;0;0;2
1;0;0;0;21;104;8;1;331;11;8;0;0;0
0;1;1;1;22;125;3;6;1214;12;5;1;0;1
1;0;9;0;3;196;7;15;2248;19;3;1;1;2
1;1;0;0;36;196;5;14;3073;19;1;1;1;3
1;1;7;1;8;134;7;8;422;7;6;0;0;0
1;0;5;0;12;102;3;14;2293;5;1;1;0;1
1;1;9;1;2;103;1;14;3958;12;2;1;0;3
1;1;1;1;29;130;1;14;432;6;1;1;1;0
1;1;3;1;48;120;8;12;1152;8;3;0;0;0
1;1;0;1;26;118;6;2;1303;8;4;0;1;0
0;0;4;1;20;169;2;6;797;6;1;1;0;0
1;0;2;1;40;179;8;17;298;8;2;1;0;0
0;0;2;0;20;147;6;7;3847;8;0;0;1;3
0;0;1;0;64;160;3;6;2110;18;9;1;1;1
1;1;5;1;43;176;3;7;1921;9;2;1;0;2
0;1;6;0;60;107;2;15;2423;17;11;0;0;2
1;1;0;1;15;132;2;0;1658;15;9;1;1;2
1;1;2;0;21;160;8;4;2361;17;8;0;0;1
0;0;7;0;60;157;4;10;1380;14;5;0;0;1
1;1;4;1;4;163;6;18;3892;5;1;1;1;3
0;1;5;1;8;160;5;9;315;7;6;0;0;0
1;1;4;1;36;151;4;16;2289;10;2;1;1;1
0;1;0;1;11;185;7;20;2182;7;3;1;0;2
0;1;7;0;23;105;6;18;2184;13;9;0;1;2
1;0;0;0;48;92;8;2;2872;7;2;0;1;3
1;1;9;1;35;87;6;17;2367;5;3;0;1;1
0;0;7;0;3;155;4;10;1919;12;10;1;0;1
0;1;1;0;34;84;5;10;3296;17;6;0;0;3
0;1;5;1;14;81;8;10;462;18;7;1;1;0
0;0;2;1;27;123;1;16;1591;11;9;1;0;1
0;0;0;1;20;122;2;18;1593;19;11;0;1;0
1;1;13;1;42;101;7;17;2456;7;4;0;0;1
0;1;3;0;14;199;4;4;2933;16;3;1;0;3
0;1;1;1;22;197;7;2;3154;14;11;0;0;3
1;0;3;0;60;180;2;4;3615;5;2;0;0;3
0;0;9;0;24;87;1;16;3563;17;10;0;0;3
1;1;6;0;33;147;8;7;1440;17;15;0;0;1
1;1;14;1;57;117;2;17;1907;15;14;0;0;1
0;0;0;1;38;89;1;1;324;14;10;1;1;0
0;0;0;0;50;104;4;10;1404;10;3;1;1;1
0;0;2;1;8;169;4;18;2738;18;16;0;0;2
0;0;1;1;60;156;3;3;2722;12;6;0;0;2
0;1;5;1;12;103;8;6;2294;8;7;0;1;3
1;0;1;1;30;193;1;10;1424;18;4;0;1;1
1;1;4;0;55;189;8;9;1133;14;3;1;0;1
1;1;5;1;58;101;6;11;555;19;10;0;1;0
1;0;0;0;9;183;6;5;3785;13;10;0;1;3
1;1;5;0;59;84;7;19;3675;12;0;0;0;3
1;0;0;1;38;86;5;10;435;9;2;1;0;0
1;1;12;0;11;193;8;14;3183;5;0;1;1;2
1;0;9;1;6;199;2;15;3495;17;4;1;0;2
0;0;9;0;57;86;3;10;1853;15;10;0;1;1
0;0;7;0;16;138;4;12;2648;12;0;1;0;2
1;0;9;0;19;160;7;16;2647;14;13;1;0;2
1;1;1;0;30;146;8;8;702;19;15;1;1;0
1;0;5;0;5;189;2;7;1836;12;11;0;0;2
0;1;9;1;18;182;5;16;3894;13;10;1;0;3
0;0;9;1;30;111;2;19;2944;19;17;0;1;3
0;1;7;1;44;89;8;8;3424;13;11;1;0;3
1;1;1;0;40;177;1;5;2678;9;4;1;1;2
0;0;2;1;15;100;8;8;2424;12;5;1;0;2
0;0;2;0;20;82;6;16;2671;15;10;1;1;3
0;1;4;1;27;199;1;10;3078;15;2;0;1;2
1;1;0;1;15;92;3;1;2304;18;4;1;0;2
1;0;17;1;45;159;2;18;1146;6;1;1;0;1
1;0;0;1;39;108;7;1;2335;6;4;0;1;1
1;1;2;0;23;155;7;19;1422;5;0;1;0;1
1;0;0;0;55;140;8;1;2096;15;3;0;0;2
0;1;1;1;18;153;6;3;1303;17;16;1;1;0
0;1;18;1;36;151;2;19;1115;16;2;0;1;1
0;0;1;0;42;192;5;2;456;12;8;1;0;0
1;1;1;1;43;104;8;3;3396;14;2;0;0;3
1;0;0;0;28;130;2;3;2750;6;1;1;0;2
0;1;12;1;54;112;4;19;941;15;8;0;1;0
0;0;7;1;2;95;6;19;2278;13;4;0;0;2
0;0;5;1;26;172;4;10;2273;8;4;0;1;2
0;1;0;1;14;191;5;0;2355;17;16;1;1;2
0;0;2;0;50;146;1;10;2328;17;10;0;0;2
1;1;1;1;28;182;2;2;2638;8;4;1;1;1
1;0;1;0;23;178;6;14;558;8;5;0;0;0
0;0;3;1;39;124;4;4;1345;16;0;0;1;0
0;0;6;0;12;154;2;9;425;7;0;1;1;0
0;0;0;0;16;115;4;1;2192;15;13;1;1;1
1;0;0;0;14;135;6;2;3397;19;15;0;1;2
0;0;6;1;3;93;7;17;1208;14;13;1;0;1
1;1;2;1;27;124;2;6;267;12;10;1;0;0
0;0;0;1;34;113;4;10;3518;7;3;1;1;3
0;1;6;0;16;164;8;14;3122;7;0;0;1;2
1;1;0;1;43;124;8;2;1050;11;9;1;1;0
1;1;11;0;56;136;2;13;3358;17;11;1;1;3
0;1;2;0;42;138;8;3;2929;10;4;0;0;2
0;0;2;1;12;153;8;5;624;9;7;0;0;0
0;0;6;0;49;132;1;17;1598;7;0;1;0;1
0;1;0;1;24;155;5;1;2052;17;6;1;0;2
0;1;9;1;15;120;6;20;1249;16;2;1;0;1
1;0;2;1;54;154;2;7;412;17;11;0;0;0
1;1;0;0;19;122;2;1;595;19;0;0;0;0
1;1;2;0;19;167;7;19;263;6;5;0;0;0
0;0;0;1;22;86;8;0;2577;17;16;1;0;2
1;1;6;0;46;193;4;10;639;6;0;0;1;0
1;1;11;0;2;141;1;14;3206;10;9;1;0;3
1;1;5;0;26;159;5;15;1550;7;2;1;0;1
0;0;1;1;31;171;2;12;1646;12;0;1;0;1
1;0;11;0;35;200;4;14;1930;17;7;1;0;2
0;0;3;0;11;87;2;7;3695;6;5;0;0;3
0;1;1;1;36;87;8;11;3235;6;1;0;1;3
0;0;0;0;7;191;6;12;2334;8;7;1;0;2
0;0;3;0;62;187;4;19;1998;17;4;0;0;1
0;0;0;1;7;142;1;2;2258;10;1;0;0;2
1;0;16;1;42;121;7;17;1869;12;2;1;1;1
0;1;10;1;30;127;3;13;1825;7;1;0;1;2
1;1;1;1;5;165;5;2;3946;12;5;1;1;3
1;0;1;0;8;103;7;3;436;10;6;1;1;0
0;0;0;0;53;112;6;2;2678;6;0;0;0;2
1;0;7;0;59;80;1;11;3887;8;6;0;1;3
1;1;10;0;35;172;4;16;1813;16;13;1;1;1
1;0;2;1;27;134;2;10;817;14;1;1;1;0
0;1;4;1;24;101;1;17;3614;15;12;0;0;3
1;1;0;1;39;119;8;18;2013;11;7;1;0;1
1;0;1;0;5;154;5;17;543;8;7;0;1;0
0;0;8;0;27;174;8;13;3400;16;6;1;1;2
0;1;3;0;17;89;6;4;2623;17;16;0;0;1
0;1;0;1;33;105;4;2;2700;9;3;0;0;2
1;1;9;1;21;116;2;10;1400;11;0;1;0;1
0;1;0;1;58;170;5;20;3127;10;7;0;0;2
0;0;12;1;44;175;5;17;2803;19;9;1;1;3
0;1;3;0;15;150;5;11;2518;18;17;1;1;2
0;0;1;0;6;191;6;15;3564;7;2;1;0;3
0;0;2;0;37;145;1;3;2515;14;8;0;1;2
0;1;1;0;40;117;3;7;3654;13;9;1;1;3
0;0;0;1;24;135;8;19;3930;17;1;1;1;3
1;1;7;1;39;89;7;19;3476;11;8;1;0;3
1;0;5;0;41;192;1;12;3242;18;11;0;1;3
0;0;7;0;52;82;6;8;2666;5;4;1;0;2
0;0;6;0;48;97;8;7;1695;13;6;0;1;2
0;1;0;1;15;189;3;1;3510;14;4;0;1;2
1;1;3;0;17;161;8;20;3438;14;3;0;0;3
1;0;3;1;41;97;4;10;2033;16;9;1;0;1
0;0;1;0;62;182;1;2;1017;11;3;0;0;1
1;1;5;1;38;193;2;10;1686;8;1;0;1;1
0;0;1;1;58;135;5;12;862;7;0;0;0;0
0;0;6;1;11;81;5;14;957;6;5;1;0;0
0;0;5;0;16;89;4;12;3494;13;3;0;1;3
0;1;11;1;56;165;4;13;3083;8;4;1;1;2
0;0;12;0;30;131;6;14;1656;8;4;1;1;1
0;0;6;1;34;165;2;12;313;15;1;1;0;0
1;1;1;1;20;179;8;6;3282;16;2;1;1;3
1;0;0;0;47;186;6;4;3629;19;17;1;1;3
0;1;11;1;44;169;2;14;1687;15;5;1;1;1
1;0;13;1;28;182;4;20;1149;8;7;1;0;0
0;0;1;1;62;104;3;7;3899;5;4;0;1;3
0;1;10;1;4;134;2;13;1783;13;12;1;0;2
1;1;2;1;47;189;5;13;1629;8;6;1;0;1
0;1;3;0;8;185;1;7;2528;11;8;1;0;2
1;0;0;1;2;88;7;2;3256;9;6;1;0;3
1;1;16;0;41;180;8;17;2341;10;9;0;1;2
1;1;6;0;57;151;1;12;2785;15;10;0;0;2
0;1;14;1;14;164;3;17;3761;13;1;0;0;3
1;0;9;1;5;199;6;16;1513;15;6;0;1;1
1;1;1;1;45;167;2;7;2240;10;6;1;0;1
1;1;0;1;5;194;4;1;820;19;18;1;1;1
1;0;2;1;59;159;2;3;1875;16;8;1;1;1
1;1;0;1;33;157;3;17;920;16;2;1;1;0
0;0;10;1;63;174;4;14;3615;18;8;0;1;2
0;0;2;0;7;88;7;3;1412;16;9;0;1;1
0;1;4;0;5;136;1;13;361;6;1;1;0;0
0;1;5;0;50;81;4;8;1540;12;8;1;0;1
1;1;3;1;11;109;2;9;1077;6;1;0;1;0
0;1;0;0;40;93;5;1;3610;13;7;0;1;3
1;1;10;0;57;158;6;18;512;5;2;0;0;0
1;0;14;0;62;114;8;20;3024;6;0;0;1;3
1;1;4;1;27;134;1;17;1610;11;0;0;0;1
0;0;5;1;16;175;1;19;2201;17;16;0;0;1
1;1;4;1;42;162;7;15;3338;18;13;1;1;3
1;1;6;0;61;196;4;9;3473;7;3;0;1;3
1;1;10;1;10;114;8;17;2203;7;5;1;1;1
0;0;10;0;13;155;4;11;940;14;10;1;0;1
0;0;1;0;4;146;8;9;1155;19;14;1;1;1
1;1;0;0;20;93;4;0;3872;10;2;0;1;3
0;1;3;1;61;115;6;6;1882;16;6;0;1;2
1;0;16;1;16;119;8;19;1798;16;7;0;0;1
1;1;1;1;18;96;6;3;2598;17;2;0;0;3
0;0;0;1;46;199;1;7;1567;15;2;1;0;1
0;1;14;0;2;125;1;20;1491;16;2;0;0;1
0;0;5;1;42;120;2;7;2003;12;4;0;0;2
1;1;4;1;54;190;4;6;3905;6;2;0;0;3
0;0;5;1;57;111;5;10;291;19;9;1;1;0
1;0;6;1;9;118;8;13;1693;11;4;0;1;1
0;1;7;1;25;152;4;9;1788;13;11;0;1;1
0;0;3;0;26;112;6;5;3322;18;7;0;1;3
1;1;0;1;32;80;6;1;1751;12;10;0;1;2
1;0;10;0;23;117;1;14;1641;14;8;1;0;1
1;0;4;1;51;178;7;7;2854;10;7;0;1;2
0;0;5;1;17;101;4;9;3115;7;0;0;0;2
1;1;6;0;45;121;1;9;3259;10;1;0;1;3
1;1;5;1;49;172;8;6;1612;17;9;1;0;2
1;1;0;0;37;127;4;0;2319;5;4;0;0;1
1;1;0;1;7;138;5;4;1258;17;14;0;0;1
1;0;3;0;41;158;5;5;1543;18;3;0;1;1
0;1;14;1;49;178;2;15;3991;12;4;0;0;3
1;0;5;1;62;143;1;9;3555;5;2;0;0;3
1;1;13;1;5;87;4;18;3411;17;16;0;0;3
0;0;5;0;24;190;8;19;524;9;3;0;0;0
1;0;13;1;35;142;6;14;3541;18;17;0;1;3
0;1;5;0;4;169;6;7;1998;9;2;0;0;2
1;1;0;1;33;200;5;0;3437;11;1;0;0;3
1;1;1;1;17;114;2;8;1637;17;3;0;1;1
0;0;6;1;52;153;1;14;3064;7;6;0;0;3
0;0;18;1;12;196;2;19;2855;16;13;1;1;2
0;1;0;1;53;106;1;12;1393;9;4;1;1;1
0;1;4;1;33;138;7;10;1633;18;4;0;0;2
0;0;4;1;48;127;4;5;2392;10;4;0;1;3
1;1;0;1;26;82;2;0;3284;15;2;0;1;3
1;0;3;0;20;117;6;9;464;7;5;0;1;0
1;0;1;0;45;180;7;7;1234;19;13;1;0;0
1;0;0;1;36;139;3;1;292;8;0;1;1;0
1;1;2;1;33;174;3;9;2521;6;5;0;0;2
1;1;0;0;20;180;5;0;2658;15;0;0;0;2
0;1;8;0;27;91;4;9;587;6;3;1;1;0
1;0;8;1;2;118;4;16;2190;18;1;0;1;2
1;1;19;1;35;110;4;20;879;16;2;0;0;0
0;1;0;0;54;80;1;13;1743;7;1;1;0;2
1;0;16;0;21;156;4;20;1181;16;0;1;0;1
1;0;1;0;29;181;7;12;3330;14;4;0;1;3
0;0;15;1;42;153;8;16;3564;12;1;0;0;3
0;1;0;1;56;146;4;14;562;17;14;1;1;0
1;0;0;1;47;82;4;1;1659;11;10;1;0;1
1;0;8;0;14;183;8;11;1816;12;7;0;1;2
1;1;2;1;49;156;5;9;1338;16;8;1;1;0
0;0;10;1;7;131;8;12;2992;15;3;1;0;2
0;1;5;1;7;85;8;20;315;16;7;1;0;0
0;0;0;0;2;197;7;3;3249;19;0;0;1;2
1;1;0;0;5;200;4;1;3242;10;1;1;0;2
1;1;2;0;28;194;4;6;2725;15;10;0;0;2
1;1;0;1;27;145;4;2;586;19;8;0;1;0
0;0;6;1;9;89;3;8;2454;9;8;1;0;2
1;0;7;0;30;147;4;20;804;17;14;1;1;0
1;0;3;1;44;148;7;14;2460;10;5;0;0;2
0;1;7;0;27;146;1;10;1295;18;15;0;1;0
1;1;2;1;8;139;5;3;2625;15;11;1;0;2
1;1;2;0;21;177;2;19;1999;15;9;0;1;1
1;1;3;0;15;153;2;7;2698;11;8;0;0;2
0;0;5;1;26;129;6;16;3742;13;3;1;0;3
0;1;0;1;21;158;5;3;1193;16;13;0;1;1
0;0;12;0;24;129;7;16;3511;16;14;1;1;3
0;1;6;1;20;192;2;8;885;11;1;1;0;0
0;1;6;1;5;167;5;7;1044;8;7;0;0;0
0;1;12;1;17;194;5;19;2548;6;1;0;1;2
1;1;0;1;19;132;2;1;2940;13;0;0;1;2
0;1;4;1;11;199;5;7;3966;17;15;1;1;3
1;0;11;1;48;121;8;20;3484;11;10;0;0;3
1;1;2;0;5;90;1;3;1246;12;2;1;0;1
1;0;4;1;52;83;3;8;2757;17;12;1;0;2
0;1;15;1;24;136;3;18;2378;18;3;0;0;1
0;0;4;1;12;104;6;5;1794;18;7;1;1;1
0;0;5;0;32;187;8;18;3933;7;0;0;1;3
1;0;9;0;26;186;6;10;1637;7;3;0;1;0
1;1;2;0;21;110;8;8;783;6;1;1;0;0
1;0;2;0;42;182;5;6;3094;12;4;0;0;2
1;1;0;1;28;130;8;0;1774;12;8;0;0;1
1;0;6;1;59;161;7;14;256;18;7;0;1;0
0;0;3;1;52;86;2;9;1365;9;3;0;1;1
0;0;11;1;45;188;3;20;2339;19;2;1;0;2
1;0;5;1;57;129;2;6;2049;12;8;1;0;1
1;1;0;1;28;158;5;1;3241;14;11;1;0;3
1;1;10;1;21;80;4;11;867;8;3;1;0;0
1;0;1;0;50;82;5;9;2175;14;4;0;1;1
1;1;5;0;44;121;2;9;3497;18;10;1;0;3
0;1;1;0;10;104;4;3;609;11;3;0;1;0
1;1;0;1;43;111;6;1;3285;11;5;1;0;2
0;1;1;1;35;157;1;3;3684;15;8;0;0;3
0;1;2;0;57;181;6;6;3586;19;9;0;1;3
1;0;1;1;26;92;4;9;2322;19;8;0;1;2
0;0;5;1;56;180;2;10;354;10;4;1;1;0
1;1;3;1;27;128;4;4;3204;18;1;0;1;3
0;0;2;0;44;139;3;3;1400;17;7;0;1;1
1;0;5;1;23;198;8;6;2308;11;10;1;0;1
1;1;3;0;46;105;8;15;1082;15;5;0;1;0
0;1;4;0;40;164;2;17;3104;17;7;0;0;2
1;0;3;1;22;82;2;8;2847;9;2;0;1;2
1;0;3;0;44;88;8;11;2256;6;1;1;1;2
1;1;0;0;16;106;7;13;1113;14;1;0;1;0
1;0;15;0;32;150;6;19;3210;10;3;1;1;3
1;1;0;1;23;113;6;9;3990;14;9;1;1;3
1;1;0;0;63;105;7;10;984;17;4;0;1;0
0;1;8;0;8;123;8;19;3117;6;0;0;0;3
1;0;0;1;48;111;7;2;1622;18;17;1;1;2
0;1;0;1;64;105;3;7;2967;7;3;1;1;3
1;0;3;1;12;138;3;4;1037;15;3;0;1;0
1;0;3;0;7;89;8;10;2908;12;4;0;1;2
1;0;1;1;30;126;2;3;1167;5;3;0;0;0
1;1;6;0;19;114;8;16;2715;15;9;1;0;2
0;1;1;0;16;119;7;4;1734;17;8;0;1;1
1;0;5;0;11;85;3;7;2259;14;12;1;1;3
1;0;0;0;16;125;3;0;2921;8;5;1;0;3
1;1;7;0;47;146;3;9;1244;14;10;1;0;0
0;1;9;1;64;98;3;19;3132;17;0;1;1;3
1;1;3;1;23;106;5;4;2488;8;4;0;0;2
0;1;10;1;29;133;6;16;1052;11;9;0;0;0
0;0;8;1;28;152;2;15;2927;15;6;0;0;2
1;1;3;1;26;136;4;6;2090;5;1;1;0;1
1;1;3;1;34;190;4;16;2131;7;2;0;1;2
1;0;7;1;47;117;1;11;3362;13;10;0;0;3
0;1;16;1;23;80;4;18;1053;14;11;1;1;1
1;1;1;0;51;88;8;2;1799;16;9;1;0;1
1;1;9;1;54;109;5;20;3124;5;0;0;0;3
1;1;0;1;11;109;2;12;1672;17;13;1;0;0
0;1;0;0;15;100;4;7;1552;10;8;1;0;1
1;1;0;0;64;83;6;6;1938;19;8;0;1;1
0;0;2;1;47;129;2;9;3202;13;1;0;0;3
0;1;4;0;53;128;1;11;1302;13;7;0;0;0
1;1;1;1;64;179;4;2;2296;12;0;1;0;1
1;1;6;0;8;152;7;9;575;15;8;0;1;0
0;0;12;0;12;93;6;20;2359;13;6;0;0;1
1;0;14;1;20;167;5;18;3314;6;5;1;1;2
0;0;0;0;60;147;3;1;440;14;10;0;0;0
1;1;8;0;11;173;6;10;2002;17;8;1;0;1
0;1;3;1;16;161;6;17;3167;14;8;1;0;3
0;1;2;0;37;82;2;6;3480;17;16;1;1;3
1;1;12;1;47;107;2;19;595;10;0;0;1;1
0;1;4;0;2;85;5;16;2466;5;3;1;1;2
1;0;5;0;60;87;6;6;1337;12;7;1;0;1
0;1;4;0;53;98;1;17;1462;19;18;0;1;0
0;0;0;0;58;112;8;0;503;7;3;1;0;0
1;0;7;0;30;197;7;8;2066;9;0;0;0;1
1;0;1;0;27;196;5;2;708;17;5;1;1;0
1;0;1;1;55;103;7;2;2029;10;5;1;1;1
1;0;0;0;38;121;5;1;308;19;17;1;1;0
0;0;1;0;6;195;4;16;552;6;1;0;1;0
0;0;4;1;63;89;2;8;2082;15;10;0;0;1
1;1;1;0;16;141;5;7;3314;9;7;0;1;3
1;1;1;1;19;199;4;4;3996;12;9;1;1;3
1;1;6;1;5;109;4;10;1795;7;3;1;1;1
0;1;1;0;51;104;5;15;594;16;6;0;1;0
1;1;3;1;58;155;5;12;2473;10;4;0;1;2
1;0;0;1;31;185;5;2;690;5;2;0;0;0
1;0;13;1;34;157;2;17;3845;15;1;1;1;3
0;1;0;1;17;195;7;0;2004;11;8;1;1;1
0;1;13;0;53;102;5;16;2083;19;15;1;1;2
0;0;3;1;26;83;6;14;2661;9;7;1;0;2
1;1;4;0;57;124;3;10;1903;8;4;1;0;1
1;0;9;0;56;196;1;14;2466;8;0;0;0;2
0;0;4;1;2;106;1;17;3779;9;3;1;1;3
1;0;8;0;5;139;3;17;3904;5;1;1;1;3
0;1;4;1;48;162;6;8;265;8;0;0;0;0
1;0;9;1;60;200;1;12;1417;10;4;0;1;0
1;0;6;1;26;197;7;12;1769;10;1;0;0;1
0;1;1;0;17;171;1;2;2948;12;3;0;1;2
0;0;4;1;41;152;3;16;2572;16;5;0;1;2
1;0;3;1;21;150;7;4;3267;17;9;0;0;2
1;1;6;1;37;168;4;7;1459;15;3;1;0;1
0;0;0;1;12;94;8;6;1633;15;10;1;1;2
0;1;0;1;45;130;4;11;2052;5;3;0;1;1
1;1;12;1;14;165;4;14;1086;14;7;1;0;0
0;0;2;1;24;169;2;3;2402;12;10;1;1;2
0;1;1;0;42;108;2;2;3376;7;0;1;0;3
0;1;1;0;52;103;7;10;1507;5;0;0;1;0
0;1;2;1;44;158;3;7;641;9;1;0;1;0
1;1;0;0;35;131;1;19;3451;5;2;1;1;3
1;0;8;0;14;189;7;9;1607;15;0;1;1;0
1;1;3;1;6;101;1;4;3521;15;11;0;0;3
0;1;3;1;7;147;2;6;1241;9;0;0;0;0
0;0;14;0;16;137;7;15;881;6;3;1;1;0
1;0;3;1;62;170;7;8;2563;18;14;0;1;3
0;0;11;0;61;123;3;14;3033;14;11;1;0;3
0;1;9;1;59;132;7;10;769;19;13;0;1;0
1;0;13;1;49;131;4;14;3454;17;11;0;1;3
1;0;1;1;60;195;4;4;819;10;3;0;0;0
1;1;8;0;2;185;6;19;435;12;9;1;1;0
0;0;1;0;30;150;7;3;586;10;9;1;1;0
1;1;14;1;19;125;6;19;650;17;0;0;1;0
0;0;6;0;14;115;4;15;3038;18;0;0;0;3
1;0;1;1;60;198;5;4;3736;14;8;0;0;3
1;0;3;0;9;117;1;13;2948;8;3;1;0;2
1;0;4;1;19;190;7;12;739;18;1;1;0;0
0;0;3;1;25;200;2;5;686;8;6;1;0;0
1;0;5;0;7;164;2;20;841;13;10;1;0;0
0;0;3;0;29;83;8;17;1183;5;3;0;0;0
0;1;3;1;19;131;3;8;3943;13;0;1;0;3
1;0;1;0;54;109;7;20;1037;6;4;0;0;0
1;1;11;1;53;114;4;20;2633;16;0;0;0;2
1;1;7;0;44;160;3;12;3911;13;6;0;0;3
1;0;7;0;20;158;7;13;1958;7;5;0;0;2
1;1;1;1;22;122;8;4;3297;7;5;0;0;3
1;0;7;1;24;170;3;16;3141;6;2;1;1;3
0;1;8;0;17;174;6;15;3351;12;9;0;1;2
1;0;10;0;55;100;7;20;2355;14;7;1;1;3
0;0;0;1;3;105;3;0;1308;5;0;1;0;1
0;1;1;0;27;127;5;8;991;14;8;0;0;0
1;1;1;1;39;173;8;2;3248;8;6;0;1;2
1;0;5;0;5;137;4;7;1519;13;0;0;1;0
0;1;0;1;53;88;6;1;493;18;9;1;0;0
1;0;0;0;2;114;6;0;1747;7;0;1;0;1
1;1;0;0;64;94;4;0;2517;16;8;1;1;1
0;0;0;1;53;187;1;4;1389;17;8;1;1;1
0;0;18;1;2;188;5;20;2522;10;5;0;1;2
1;1;8;0;27;116;5;16;1885;10;9;1;0;2
0;1;18;1;16;196;7;20;704;14;5;1;1;0
1;0;5;0;10;163;6;10;953;18;11;1;1;0
1;1;3;0;28;108;1;18;3206;16;15;0;0;3
0;1;0;0;42;94;1;14;928;12;10;0;1;0
0;1;11;0;2;101;4;20;2177;12;2;1;0;1
1;1;0;0;52;187;3;1;2610;10;1;1;1;2
0;0;18;1;12;186;7;20;489;9;4;0;1;0
1;0;1;1;8;128;8;8;3839;17;3;0;1;3
0;0;3;1;15;181;1;13;1861;8;5;1;1;1
0;0;4;0;56;176;2;6;299;6;2;1;0;0
1;0;7;1;32;182;2;12;340;16;5;0;0;0
1;1;1;1;15;102;5;18;3606;10;0;1;1;3
1;1;0;0;62;91;4;4;799;7;3;0;1;0
1;1;3;0;46;134;6;12;2367;11;7;0;1;1
0;0;1;1;30;123;3;9;445;10;8;1;0;0
0;1;2;0;11;122;1;16;3927;8;3;0;0;3
1;1;3;1;63;157;5;9;3756;17;5;1;1;3
0;0;9;0;36;162;4;20;770;14;1;0;1;0
1;0;2;1;21;138;1;9;1641;7;2;0;0;1
1;0;1;0;13;197;8;2;2343;17;12;0;0;2
0;0;9;0;9;122;4;15;2787;10;8;0;1;2
1;0;1;0;47;169;5;2;2495;8;7;0;1;2
0;0;3;1;45;158;5;4;3208;11;9;0;0;3
1;0;7;0;18;146;7;11;1234;7;4;0;1;0
0;1;0;1;38;97;8;0;1069;7;6;0;0;1
0;1;1;0;11;130;5;11;3568;16;14;0;1;3
0;0;2;0;45;103;5;11;3585;10;1;0;0;3
1;0;2;0;2;155;4;10;1974;14;1;1;0;1
1;0;5;0;35;111;3;14;2419;15;5;0;0;3
0;1;0;0;13;97;2;0;340;17;13;0;1;0
0;0;1;1;41;169;8;8;2282;5;2;1;0;1
0;1;9;0;63;132;4;11;298;10;1;1;0;0
0;0;3;1;39;162;2;8;968;6;2;0;0;0
0;0;1;0;18;153;3;18;2391;12;6;1;1;2
1;0;2;1;62;168;2;10;1534;6;2;0;0;1
0;1;0;1;10;101;7;9;696;14;7;1;0;0
0;1;0;1;23;97;7;11;2782;7;0;0;0;2
1;0;1;1;45;136;2;7;755;18;3;0;1;0
1;1;1;1;16;90;6;17;3746;5;0;1;0;3
1;1;0;0;41;124;1;1;2651;17;7;0;0;1
0;1;9;1;45;124;8;11;1341;19;1;0;0;0
1;1;8;1;37;101;3;11;2651;15;5;1;1;2
1;0;2;1;12;80;5;20;1824;13;3;1;1;1
1;0;5;0;14;160;6;6;1905;16;3;1;1;2
0;0;0;1;40;156;7;14;1456;9;3;1;0;1
1;0;2;1;63;153;7;8;3155;11;10;1;1;3
1;1;8;1;33;93;3;15;773;17;7;1;0;0
0;1;0;1;35;99;7;7;1829;18;17;0;0;2
1;0;5;1;32;163;8;7;3883;12;2;0;1;3
0;1;0;1;33;195;1;0;1675;14;12;0;1;1
1;1;1;1;30;93;3;12;1601;10;9;1;1;1
1;0;3;1;2;154;8;10;1958;7;5;1;0;1
0;0;0;0;8;107;4;7;2376;19;6;1;0;2
0;1;6;1;21;110;2;12;1647;12;2;0;0;1
1;0;1;0;40;157;5;15;3548;14;4;1;1;3
1;0;0;0;37;134;4;15;2694;18;3;0;1;2
1;1;7;1;49;178;1;8;2195;5;4;0;1;2
1;0;12;1;4;148;5;20;2506;5;3;0;0;2
0;0;1;1;16;94;4;16;2073;9;5;1;0;2
0;0;4;0;21;162;6;11;3767;15;9;0;1;3
1;0;5;1;7;105;6;6;1150;7;2;0;0;1
0;0;7;0;6;102;6;8;841;9;1;0;0;0
1;1;2;1;7;129;5;15;1675;13;4;1;0;0
1;1;5;1;21;185;8;12;1301;8;6;1;0;0
1;1;0;0;32;141;6;1;1817;10;0;1;0;0
0;0;0;1;6;141;6;16;2321;7;5;1;0;2
0;0;0;0;25;110;7;14;1974;17;5;1;1;1
1;1;4;0;64;157;7;5;3433;6;5;1;0;2
1;1;1;1;27;174;3;10;1205;12;7;1;0;1
0;0;10;0;23;89;7;16;872;7;5;1;1;0
1;1;4;0;18;81;8;20;2052;9;3;1;1;1
1;1;0;1;64;193;1;9;3654;9;1;1;0;3
1;1;0;0;36;194;4;1;1503;10;0;0;0;0
1;1;4;1;24;176;5;6;3104;6;5;0;0;3
1;1;2;0;17;163;5;12;343;19;14;1;1;0
0;0;0;0;5;112;5;2;3430;7;5;1;1;3
1;1;6;0;45;136;4;19;2470;11;1;0;0;3
0;1;3;0;24;149;6;4;1396;15;8;1;1;1
0;0;0;0;27;86;6;7;2668;12;5;0;0;2
1;1;13;0;61;194;5;20;1457;14;10;0;1;0
1;0;9;0;16;110;7;17;2452;19;17;0;0;2
1;1;3;0;55;113;3;4;1871;13;5;0;1;1
0;0;4;0;40;191;4;11;1112;8;2;1;1;1
0;1;2;1;3;85;8;6;967;10;1;0;1;0
0;1;0;0;14;148;2;4;2498;13;6;0;1;2
0;1;2;0;42;104;6;8;387;14;5;1;0;1
0;1;0;1;21;138;2;0;635;17;7;0;0;0
0;1;5;1;6;143;8;20;2711;15;7;1;0;2
1;0;0;0;29;111;5;4;2023;17;13;1;0;2
0;1;0;1;25;163;7;7;2215;9;3;1;1;1
0;0;6;1;46;89;6;9;824;19;18;0;0;0
0;1;2;0;9;117;1;3;3851;10;3;0;1;3
1;1;9;1;33;199;2;16;2156;7;3;1;0;1
1;0;7;0;27;88;8;8;2885;8;4;0;1;3
1;0;2;0;10;99;7;7;495;15;6;1;1;0
0;1;1;1;18;129;2;16;2358;10;5;1;0;2
1;0;3;1;53;169;5;11;1744;6;3;0;0;1
0;0;1;1;9;161;3;2;1832;15;8;0;0;1
1;1;4;1;4;144;8;10;2016;13;10;1;1;1
0;0;8;0;6;199;3;20;1300;10;0;0;1;1
0;0;4;0;41;164;6;20;2313;14;1;1;0;2
0;1;12;0;34;149;5;16;3248;13;3;1;1;2
0;1;0;0;37;144;7;2;2216;9;5;0;0;1
1;0;8;0;59;91;5;15;3142;16;6;1;1;3
1;1;6;1;58;161;2;11;1850;9;4;0;0;1
1;0;9;1;13;80;4;15;1424;15;12;1;0;0
1;0;2;0;57;114;1;3;1620;9;2;1;1;1
0;0;2;0;15;83;3;11;2592;12;8;0;0;1
1;0;8;1;36;85;1;9;296;5;3;0;0;0
0;0;11;1;44;113;8;19;3579;19;8;1;0;3
1;1;1;0;21;198;3;4;1180;6;3;1;1;0
1;0;0;0;18;122;5;0;3962;15;11;1;1;3
0;0;1;0;50;84;1;2;3978;17;16;1;0;3
1;1;0;1;2;106;6;14;668;13;4;1;0;0
1;1;0;0;39;187;4;3;2032;11;10;1;1;2
0;1;1;1;36;108;8;3;3057;9;1;1;0;3
0;0;4;1;46;145;5;5;869;18;10;1;1;0
1;1;5;1;45;168;6;16;3919;19;4;1;1;3
